date,contract,group,long,short,net
2024-10-01,BTC,asset_mgr,9163,359,8804
2024-10-01,BTC,dealer,1061,4200,-3139
2024-10-01,BTC,lev_funds,2690,20031,-17341
2024-10-01,BTC,nonrept,1150,919,231
2024-10-01,BTC,other_rept,12237,792,11445
2024-10-01,ETH,asset_mgr,1423,168,1255
2024-10-01,ETH,dealer,260,1027,-767
2024-10-01,ETH,lev_funds,1023,2873,-1850
2024-10-01,ETH,nonrept,686,528,158
2024-10-01,ETH,other_rept,2364,1160,1204
2024-10-08,BTC,asset_mgr,9632,359,9273
2024-10-08,BTC,dealer,1202,4234,-3032
2024-10-08,BTC,lev_funds,1980,20828,-18848
2024-10-08,BTC,nonrept,1250,840,410
2024-10-08,BTC,other_rept,13007,810,12197
2024-10-08,ETH,asset_mgr,1390,162,1228
2024-10-08,ETH,dealer,287,930,-643
2024-10-08,ETH,lev_funds,730,2887,-2157
2024-10-08,ETH,nonrept,652,517,135
2024-10-08,ETH,other_rept,2810,1373,1437
2024-10-15,BTC,asset_mgr,10112,540,9572
2024-10-15,BTC,dealer,11766,4400,7366
2024-10-15,BTC,lev_funds,2795,23179,-20384
2024-10-15,BTC,nonrept,1405,999,406
2024-10-15,BTC,other_rept,3786,746,3040
2024-10-15,ETH,asset_mgr,1476,271,1205
2024-10-15,ETH,dealer,2271,1025,1246
2024-10-15,ETH,lev_funds,820,3631,-2811
2024-10-15,ETH,nonrept,761,377,384
2024-10-15,ETH,other_rept,717,741,-24
2024-10-22,BTC,asset_mgr,9535,528,9007
2024-10-22,BTC,dealer,11972,4402,7570
2024-10-22,BTC,lev_funds,3054,23303,-20249
2024-10-22,BTC,nonrept,1518,987,531
2024-10-22,BTC,other_rept,3933,792,3141
2024-10-22,ETH,asset_mgr,1534,407,1127
2024-10-22,ETH,dealer,2280,1031,1249
2024-10-22,ETH,lev_funds,893,3375,-2482
2024-10-22,ETH,nonrept,775,427,348
2024-10-22,ETH,other_rept,651,893,-242
2024-10-29,BTC,asset_mgr,10072,546,9526
2024-10-29,BTC,dealer,12506,4409,8097
2024-10-29,BTC,lev_funds,3745,24660,-20915
2024-10-29,BTC,nonrept,1441,814,627
2024-10-29,BTC,other_rept,3487,822,2665
2024-10-29,ETH,asset_mgr,1557,283,1274
2024-10-29,ETH,dealer,2523,1016,1507
2024-10-29,ETH,lev_funds,1324,3921,-2597
2024-10-29,ETH,nonrept,719,389,330
2024-10-29,ETH,other_rept,623,1137,-514
2024-11-05,BTC,asset_mgr,9865,598,9267
2024-11-05,BTC,dealer,12401,4350,8051
2024-11-05,BTC,lev_funds,3484,22738,-19254
2024-11-05,BTC,nonrept,1443,913,530
2024-11-05,BTC,other_rept,2214,808,1406
2024-11-05,ETH,asset_mgr,1545,490,1055
2024-11-05,ETH,dealer,2434,972,1462
2024-11-05,ETH,lev_funds,1482,3429,-1947
2024-11-05,ETH,nonrept,652,507,145
2024-11-05,ETH,other_rept,454,1169,-715
2024-11-12,BTC,asset_mgr,11083,947,10136
2024-11-12,BTC,dealer,14935,4966,9969
2024-11-12,BTC,lev_funds,4830,25189,-20359
2024-11-12,BTC,nonrept,1604,957,647
2024-11-12,BTC,other_rept,1579,1972,-393
2024-11-12,ETH,asset_mgr,2556,91,2465
2024-11-12,ETH,dealer,4506,1266,3240
2024-11-12,ETH,lev_funds,1656,5274,-3618
2024-11-12,ETH,nonrept,926,381,545
2024-11-12,ETH,other_rept,521,3153,-2632
2024-11-19,BTC,asset_mgr,11393,947,10446
2024-11-19,BTC,dealer,14936,5097,9839
2024-11-19,BTC,lev_funds,4914,25022,-20108
2024-11-19,BTC,nonrept,1833,1043,790
2024-11-19,BTC,other_rept,1628,2595,-967
2024-11-19,ETH,asset_mgr,2645,192,2453
2024-11-19,ETH,dealer,4926,1249,3677
2024-11-19,ETH,lev_funds,1687,4784,-3097
2024-11-19,ETH,nonrept,925,396,529
2024-11-19,ETH,other_rept,434,3996,-3562
2024-11-26,BTC,asset_mgr,11119,960,10159
2024-11-26,BTC,dealer,13795,5204,8591
2024-11-26,BTC,lev_funds,5300,24505,-19205
2024-11-26,BTC,nonrept,1667,977,690
2024-11-26,BTC,other_rept,1282,1517,-235
2024-11-26,ETH,asset_mgr,2932,143,2789
2024-11-26,ETH,dealer,7052,1590,5462
2024-11-26,ETH,lev_funds,1358,5905,-4547
2024-11-26,ETH,nonrept,915,401,514
2024-11-26,ETH,other_rept,328,4546,-4218
2024-12-03,BTC,asset_mgr,11038,922,10116
2024-12-03,BTC,dealer,14397,4705,9692
2024-12-03,BTC,lev_funds,4094,25749,-21655
2024-12-03,BTC,nonrept,1600,1045,555
2024-12-03,BTC,other_rept,2584,1292,1292
2024-12-03,ETH,asset_mgr,3005,160,2845
2024-12-03,ETH,dealer,8621,2535,6086
2024-12-03,ETH,lev_funds,1616,6903,-5287
2024-12-03,ETH,nonrept,981,355,626
2024-12-03,ETH,other_rept,263,4533,-4270
2024-12-10,BTC,asset_mgr,10889,828,10061
2024-12-10,BTC,dealer,14698,4747,9951
2024-12-10,BTC,lev_funds,4657,25643,-20986
2024-12-10,BTC,nonrept,1627,1143,484
2024-12-10,BTC,other_rept,2254,1764,490
2024-12-10,ETH,asset_mgr,3699,239,3460
2024-12-10,ETH,dealer,11505,3533,7972
2024-12-10,ETH,lev_funds,1661,7998,-6337
2024-12-10,ETH,nonrept,958,407,551
2024-12-10,ETH,other_rept,401,6047,-5646
2024-12-17,BTC,asset_mgr,11452,854,10598
2024-12-17,BTC,dealer,16088,4682,11406
2024-12-17,BTC,lev_funds,3653,26850,-23197
2024-12-17,BTC,nonrept,1639,1327,312
2024-12-17,BTC,other_rept,3148,2267,881
2024-12-17,ETH,asset_mgr,4058,216,3842
2024-12-17,ETH,dealer,12496,4039,8457
2024-12-17,ETH,lev_funds,1709,8462,-6753
2024-12-17,ETH,nonrept,1026,428,598
2024-12-17,ETH,other_rept,367,6511,-6144
2024-12-24,BTC,asset_mgr,10767,781,9986
2024-12-24,BTC,dealer,15216,3993,11223
2024-12-24,BTC,lev_funds,4140,25242,-21102
2024-12-24,BTC,nonrept,1336,1061,275
2024-12-24,BTC,other_rept,1556,1938,-382
2024-12-24,ETH,asset_mgr,3743,249,3494
2024-12-24,ETH,dealer,11373,5101,6272
2024-12-24,ETH,lev_funds,1410,7626,-6216
2024-12-24,ETH,nonrept,829,415,414
2024-12-24,ETH,other_rept,380,4344,-3964
2024-12-31,BTC,asset_mgr,10520,750,9770
2024-12-31,BTC,dealer,14154,2988,11166
2024-12-31,BTC,lev_funds,3771,23835,-20064
2024-12-31,BTC,nonrept,1326,963,363
2024-12-31,BTC,other_rept,897,2132,-1235
2024-12-31,ETH,asset_mgr,3679,63,3616
2024-12-31,ETH,dealer,10786,5876,4910
2024-12-31,ETH,lev_funds,1153,6238,-5085
2024-12-31,ETH,nonrept,669,387,282
2024-12-31,ETH,other_rept,360,4083,-3723
2025-01-07,BTC,asset_mgr,10244,705,9539
2025-01-07,BTC,dealer,14648,3469,11179
2025-01-07,BTC,lev_funds,4035,25239,-21204
2025-01-07,BTC,nonrept,1347,1129,218
2025-01-07,BTC,other_rept,1336,1068,268
2025-01-07,ETH,asset_mgr,3314,307,3007
2025-01-07,ETH,dealer,10779,6204,4575
2025-01-07,ETH,lev_funds,1866,7323,-5457
2025-01-07,ETH,nonrept,739,406,333
2025-01-07,ETH,other_rept,361,2819,-2458
2025-01-14,BTC,asset_mgr,10346,527,9819
2025-01-14,BTC,dealer,14359,3600,10759
2025-01-14,BTC,lev_funds,3877,25213,-21336
2025-01-14,BTC,nonrept,1304,1119,185
2025-01-14,BTC,other_rept,1567,994,573
2025-01-14,ETH,asset_mgr,3308,201,3107
2025-01-14,ETH,dealer,10262,6287,3975
2025-01-14,ETH,lev_funds,868,7702,-6834
2025-01-14,ETH,nonrept,720,420,300
2025-01-14,ETH,other_rept,688,1236,-548
2025-01-21,BTC,asset_mgr,11151,512,10639
2025-01-21,BTC,dealer,15435,3808,11627
2025-01-21,BTC,lev_funds,2596,25465,-22869
2025-01-21,BTC,nonrept,1486,1218,268
2025-01-21,BTC,other_rept,1321,986,335
2025-01-21,ETH,asset_mgr,3631,154,3477
2025-01-21,ETH,dealer,11677,6338,5339
2025-01-21,ETH,lev_funds,775,9104,-8329
2025-01-21,ETH,nonrept,817,465,352
2025-01-21,ETH,other_rept,395,1234,-839
2025-01-28,BTC,asset_mgr,10212,675,9537
2025-01-28,BTC,dealer,14591,3167,11424
2025-01-28,BTC,lev_funds,3497,25715,-22218
2025-01-28,BTC,nonrept,1661,1353,308
2025-01-28,BTC,other_rept,1708,759,949
2025-01-28,ETH,asset_mgr,3329,69,3260
2025-01-28,ETH,dealer,11626,6558,5068
2025-01-28,ETH,lev_funds,757,8866,-8109
2025-01-28,ETH,nonrept,766,590,176
2025-01-28,ETH,other_rept,726,1121,-395
2025-02-04,BTC,asset_mgr,9863,616,9247
2025-02-04,BTC,dealer,14123,3208,10915
2025-02-04,BTC,lev_funds,3542,24540,-20998
2025-02-04,BTC,nonrept,1329,1197,132
2025-02-04,BTC,other_rept,1501,797,704
2025-02-04,ETH,asset_mgr,3594,261,3333
2025-02-04,ETH,dealer,13388,6987,6401
2025-02-04,ETH,lev_funds,748,12225,-11477
2025-02-04,ETH,nonrept,789,581,208
2025-02-04,ETH,other_rept,1882,347,1535
2025-02-11,BTC,asset_mgr,9494,686,8808
2025-02-11,BTC,dealer,13785,3316,10469
2025-02-11,BTC,lev_funds,3361,23444,-20083
2025-02-11,BTC,nonrept,1447,1387,60
2025-02-11,BTC,other_rept,1477,731,746
2025-02-11,ETH,asset_mgr,3304,202,3102
2025-02-11,ETH,dealer,12762,7135,5627
2025-02-11,ETH,lev_funds,714,11126,-10412
2025-02-11,ETH,nonrept,710,644,66
2025-02-11,ETH,other_rept,1964,347,1617
2025-02-18,BTC,asset_mgr,9175,832,8343
2025-02-18,BTC,dealer,13667,3250,10417
2025-02-18,BTC,lev_funds,4032,23814,-19782
2025-02-18,BTC,nonrept,1519,1293,226
2025-02-18,BTC,other_rept,1657,861,796
2025-02-18,ETH,asset_mgr,2900,217,2683
2025-02-18,ETH,dealer,12917,7465,5452
2025-02-18,ETH,lev_funds,665,10278,-9613
2025-02-18,ETH,nonrept,741,754,-13
2025-02-18,ETH,other_rept,1843,352,1491
2025-02-25,BTC,asset_mgr,8737,512,8225
2025-02-25,BTC,dealer,12226,2474,9752
2025-02-25,BTC,lev_funds,3849,23048,-19199
2025-02-25,BTC,nonrept,1480,1423,57
2025-02-25,BTC,other_rept,1907,742,1165
2025-02-25,ETH,asset_mgr,2847,485,2362
2025-02-25,ETH,dealer,12324,6629,5695
2025-02-25,ETH,lev_funds,542,10666,-10124
2025-02-25,ETH,nonrept,735,620,115
2025-02-25,ETH,other_rept,2292,340,1952
2025-03-04,BTC,asset_mgr,8324,433,7891
2025-03-04,BTC,dealer,11694,2780,8914
2025-03-04,BTC,lev_funds,2809,21286,-18477
2025-03-04,BTC,nonrept,1186,1284,-98
2025-03-04,BTC,other_rept,2383,613,1770
2025-03-04,ETH,asset_mgr,2823,693,2130
2025-03-04,ETH,dealer,10806,5670,5136
2025-03-04,ETH,lev_funds,748,8544,-7796
2025-03-04,ETH,nonrept,784,710,74
2025-03-04,ETH,other_rept,2321,1865,456
2025-03-11,BTC,asset_mgr,7930,596,7334
2025-03-11,BTC,dealer,11145,2803,8342
2025-03-11,BTC,lev_funds,2547,20818,-18271
2025-03-11,BTC,nonrept,1114,1342,-228
2025-03-11,BTC,other_rept,3433,610,2823
2025-03-11,ETH,asset_mgr,2456,954,1502
2025-03-11,ETH,dealer,9546,5661,3885
2025-03-11,ETH,lev_funds,1285,7654,-6369
2025-03-11,ETH,nonrept,759,662,97
2025-03-11,ETH,other_rept,3264,2379,885
2025-03-18,BTC,asset_mgr,7653,693,6960
2025-03-18,BTC,dealer,10537,3058,7479
2025-03-18,BTC,lev_funds,3381,21349,-17968
2025-03-18,BTC,nonrept,1298,1392,-94
2025-03-18,BTC,other_rept,4241,618,3623
2025-03-18,ETH,asset_mgr,2297,949,1348
2025-03-18,ETH,dealer,9525,5453,4072
2025-03-18,ETH,lev_funds,1470,6862,-5392
2025-03-18,ETH,nonrept,770,719,51
2025-03-18,ETH,other_rept,3258,3337,-79
2025-03-25,BTC,asset_mgr,8235,644,7591
2025-03-25,BTC,dealer,11044,3228,7816
2025-03-25,BTC,lev_funds,1825,20637,-18812
2025-03-25,BTC,nonrept,1207,1236,-29
2025-03-25,BTC,other_rept,4060,626,3434
2025-03-25,ETH,asset_mgr,2619,938,1681
2025-03-25,ETH,dealer,10494,5624,4870
2025-03-25,ETH,lev_funds,1014,7476,-6462
2025-03-25,ETH,nonrept,816,796,20
2025-03-25,ETH,other_rept,2605,2714,-109
2025-04-01,BTC,asset_mgr,7991,599,7392
2025-04-01,BTC,dealer,10410,3687,6723
2025-04-01,BTC,lev_funds,1963,19104,-17141
2025-04-01,BTC,nonrept,1077,1262,-185
2025-04-01,BTC,other_rept,3793,582,3211
2025-04-01,ETH,asset_mgr,2653,1088,1565
2025-04-01,ETH,dealer,9687,4598,5089
2025-04-01,ETH,lev_funds,1095,6902,-5807
2025-04-01,ETH,nonrept,622,536,86
2025-04-01,ETH,other_rept,1931,2864,-933
2025-04-08,BTC,asset_mgr,7378,728,6650
2025-04-08,BTC,dealer,9337,4464,4873
2025-04-08,BTC,lev_funds,2883,16828,-13945
2025-04-08,BTC,nonrept,985,1420,-435
2025-04-08,BTC,other_rept,3333,476,2857
2025-04-08,ETH,asset_mgr,1732,1453,279
2025-04-08,ETH,dealer,8125,4393,3732
2025-04-08,ETH,lev_funds,1322,5435,-4113
2025-04-08,ETH,nonrept,579,642,-63
2025-04-08,ETH,other_rept,1828,1663,165
2025-04-15,BTC,asset_mgr,7300,559,6741
2025-04-15,BTC,dealer,9966,4414,5552
2025-04-15,BTC,lev_funds,888,15328,-14440
2025-04-15,BTC,nonrept,1017,1335,-318
2025-04-15,BTC,other_rept,2991,526,2465
2025-04-15,ETH,asset_mgr,1807,1844,-37
2025-04-15,ETH,dealer,8619,3496,5123
2025-04-15,ETH,lev_funds,789,5835,-5046
2025-04-15,ETH,nonrept,671,718,-47
2025-04-15,ETH,other_rept,686,679,7
2025-04-22,BTC,asset_mgr,8105,904,7201
2025-04-22,BTC,dealer,10821,4540,6281
2025-04-22,BTC,lev_funds,1983,18186,-16203
2025-04-22,BTC,nonrept,1253,1059,194
2025-04-22,BTC,other_rept,3160,633,2527
2025-04-22,ETH,asset_mgr,1843,1758,85
2025-04-22,ETH,dealer,8960,3174,5786
2025-04-22,ETH,lev_funds,1192,6252,-5060
2025-04-22,ETH,nonrept,494,811,-317
2025-04-22,ETH,other_rept,26,520,-494
2025-04-29,BTC,asset_mgr,8128,509,7619
2025-04-29,BTC,dealer,11110,4826,6284
2025-04-29,BTC,lev_funds,2162,18060,-15898
2025-04-29,BTC,nonrept,1307,991,316
2025-04-29,BTC,other_rept,2315,636,1679
2025-04-29,ETH,asset_mgr,1490,1365,125
2025-04-29,ETH,dealer,9706,4625,5081
2025-04-29,ETH,lev_funds,852,6209,-5357
2025-04-29,ETH,nonrept,756,509,247
2025-04-29,ETH,other_rept,84,180,-96
2025-05-06,BTC,asset_mgr,7805,423,7382
2025-05-06,BTC,dealer,10710,4670,6040
2025-05-06,BTC,lev_funds,3156,19432,-16276
2025-05-06,BTC,nonrept,1360,1120,240
2025-05-06,BTC,other_rept,3247,633,2614
2025-05-06,ETH,asset_mgr,1790,1870,-80
2025-05-06,ETH,dealer,9486,4750,4736
2025-05-06,ETH,lev_funds,983,5259,-4276
2025-05-06,ETH,nonrept,637,590,47
2025-05-06,ETH,other_rept,251,678,-427
2025-05-13,BTC,asset_mgr,8623,451,8172
2025-05-13,BTC,dealer,11319,4845,6474
2025-05-13,BTC,lev_funds,3043,17182,-14139
2025-05-13,BTC,nonrept,1276,1997,-721
2025-05-13,BTC,other_rept,2453,2239,214
2025-05-13,ETH,asset_mgr,2670,1288,1382
2025-05-13,ETH,dealer,14628,5342,9286
2025-05-13,ETH,lev_funds,737,10075,-9338
2025-05-13,ETH,nonrept,754,649,105
2025-05-13,ETH,other_rept,65,1500,-1435
2025-05-20,BTC,asset_mgr,8943,439,8504
2025-05-20,BTC,dealer,11892,4747,7145
2025-05-20,BTC,lev_funds,3128,17839,-14711
2025-05-20,BTC,nonrept,1466,1206,260
2025-05-20,BTC,other_rept,2297,3495,-1198
2025-05-20,ETH,asset_mgr,2600,934,1666
2025-05-20,ETH,dealer,14065,5425,8640
2025-05-20,ETH,lev_funds,1093,10556,-9463
2025-05-20,ETH,nonrept,792,557,235
2025-05-20,ETH,other_rept,78,1156,-1078
2025-05-27,BTC,asset_mgr,9148,414,8734
2025-05-27,BTC,dealer,12439,4594,7845
2025-05-27,BTC,lev_funds,3525,18786,-15261
2025-05-27,BTC,nonrept,1554,1052,502
2025-05-27,BTC,other_rept,1650,3470,-1820
2025-05-27,ETH,asset_mgr,2973,600,2373
2025-05-27,ETH,dealer,15520,5618,9902
2025-05-27,ETH,lev_funds,1027,12961,-11934
2025-05-27,ETH,nonrept,1013,538,475
2025-05-27,ETH,other_rept,123,939,-816
2025-06-03,BTC,asset_mgr,8591,449,8142
2025-06-03,BTC,dealer,12040,4674,7366
2025-06-03,BTC,lev_funds,4040,18484,-14444
2025-06-03,BTC,nonrept,1341,978,363
2025-06-03,BTC,other_rept,1820,3247,-1427
2025-06-03,ETH,asset_mgr,2925,544,2381
2025-06-03,ETH,dealer,14953,7307,7646
2025-06-03,ETH,lev_funds,1326,11384,-10058
2025-06-03,ETH,nonrept,972,532,440
2025-06-03,ETH,other_rept,102,511,-409
2025-06-10,BTC,asset_mgr,8737,525,8212
2025-06-10,BTC,dealer,11925,4708,7217
2025-06-10,BTC,lev_funds,3649,18785,-15136
2025-06-10,BTC,nonrept,1529,1261,268
2025-06-10,BTC,other_rept,2667,3228,-561
2025-06-10,ETH,asset_mgr,3222,648,2574
2025-06-10,ETH,dealer,15771,7368,8403
2025-06-10,ETH,lev_funds,2292,13297,-11005
2025-06-10,ETH,nonrept,1114,587,527
2025-06-10,ETH,other_rept,112,611,-499
2025-06-17,BTC,asset_mgr,8675,551,8124
2025-06-17,BTC,dealer,11360,4027,7333
2025-06-17,BTC,lev_funds,3782,18800,-15018
2025-06-17,BTC,nonrept,1500,1178,322
2025-06-17,BTC,other_rept,2439,3200,-761
2025-06-17,ETH,asset_mgr,2989,520,2469
2025-06-17,ETH,dealer,15371,7338,8033
2025-06-17,ETH,lev_funds,2062,12744,-10682
2025-06-17,ETH,nonrept,863,582,281
2025-06-17,ETH,other_rept,368,469,-101
2025-06-24,BTC,asset_mgr,8747,516,8231
2025-06-24,BTC,dealer,11329,3988,7341
2025-06-24,BTC,lev_funds,3429,19112,-15683
2025-06-24,BTC,nonrept,1497,1028,469
2025-06-24,BTC,other_rept,2868,3226,-358
2025-06-24,ETH,asset_mgr,3058,512,2546
2025-06-24,ETH,dealer,16502,8316,8186
2025-06-24,ETH,lev_funds,2116,13221,-11105
2025-06-24,ETH,nonrept,1395,1172,223
2025-06-24,ETH,other_rept,652,502,150
2025-07-01,BTC,asset_mgr,8519,549,7970
2025-07-01,BTC,dealer,10627,4194,6433
2025-07-01,BTC,lev_funds,3712,18353,-14641
2025-07-01,BTC,nonrept,1338,884,454
2025-07-01,BTC,other_rept,3015,3231,-216
2025-07-01,ETH,asset_mgr,3027,540,2487
2025-07-01,ETH,dealer,16172,8403,7769
2025-07-01,ETH,lev_funds,1275,12574,-11299
2025-07-01,ETH,nonrept,813,584,229
2025-07-01,ETH,other_rept,841,27,814
2025-07-08,BTC,asset_mgr,8955,516,8439
2025-07-08,BTC,dealer,10805,4252,6553
2025-07-08,BTC,lev_funds,3940,18764,-14824
2025-07-08,BTC,nonrept,1483,927,556
2025-07-08,BTC,other_rept,2520,3244,-724
2025-07-08,ETH,asset_mgr,3693,526,3167
2025-07-08,ETH,dealer,17716,8225,9491
2025-07-08,ETH,lev_funds,973,14241,-13268
2025-07-08,ETH,nonrept,1082,633,449
2025-07-08,ETH,other_rept,485,324,161
2025-07-15,BTC,asset_mgr,9199,465,8734
2025-07-15,BTC,dealer,11046,3795,7251
2025-07-15,BTC,lev_funds,5258,19605,-14347
2025-07-15,BTC,nonrept,1629,1070,559
2025-07-15,BTC,other_rept,1039,3236,-2197
2025-07-15,ETH,asset_mgr,4075,527,3548
2025-07-15,ETH,dealer,20733,8536,12197
2025-07-15,ETH,lev_funds,1460,16907,-15447
2025-07-15,ETH,nonrept,1095,662,433
2025-07-15,ETH,other_rept,374,1105,-731
2025-07-22,BTC,asset_mgr,9131,458,8673
2025-07-22,BTC,dealer,11105,2894,8211
2025-07-22,BTC,lev_funds,4724,19707,-14983
2025-07-22,BTC,nonrept,1710,1105,605
2025-07-22,BTC,other_rept,1101,3607,-2506
2025-07-22,ETH,asset_mgr,4905,439,4466
2025-07-22,ETH,dealer,20750,10788,9962
2025-07-22,ETH,lev_funds,2172,15353,-13181
2025-07-22,ETH,nonrept,1121,722,399
2025-07-22,ETH,other_rept,332,1978,-1646
2025-07-29,BTC,asset_mgr,9003,455,8548
2025-07-29,BTC,dealer,10763,2165,8598
2025-07-29,BTC,lev_funds,3776,19584,-15808
2025-07-29,BTC,nonrept,1467,989,478
2025-07-29,BTC,other_rept,1409,3225,-1816
2025-07-29,ETH,asset_mgr,4318,511,3807
2025-07-29,ETH,dealer,21188,11993,9195
2025-07-29,ETH,lev_funds,2124,14455,-12331
2025-07-29,ETH,nonrept,1223,616,607
2025-07-29,ETH,other_rept,561,1839,-1278
2025-08-05,BTC,asset_mgr,8379,420,7959
2025-08-05,BTC,dealer,9679,2278,7401
2025-08-05,BTC,lev_funds,4889,18987,-14098
2025-08-05,BTC,nonrept,1460,1154,306
2025-08-05,BTC,other_rept,1656,3224,-1568
2025-08-05,ETH,asset_mgr,4894,339,4555
2025-08-05,ETH,dealer,19662,10962,8700
2025-08-05,ETH,lev_funds,2455,15231,-12776
2025-08-05,ETH,nonrept,1010,578,432
2025-08-05,ETH,other_rept,793,1704,-911
2025-08-12,BTC,asset_mgr,8858,420,8438
2025-08-12,BTC,dealer,9998,1912,8086
2025-08-12,BTC,lev_funds,4120,19736,-15616
2025-08-12,BTC,nonrept,1624,1000,624
2025-08-12,BTC,other_rept,1699,3231,-1532
2025-08-12,ETH,asset_mgr,5817,475,5342
2025-08-12,ETH,dealer,25432,11502,13930
2025-08-12,ETH,lev_funds,2184,20488,-18304
2025-08-12,ETH,nonrept,1386,619,767
2025-08-12,ETH,other_rept,860,2595,-1735
2025-08-19,BTC,asset_mgr,8401,439,7962
2025-08-19,BTC,dealer,9521,1926,7595
2025-08-19,BTC,lev_funds,4322,19148,-14826
2025-08-19,BTC,nonrept,1493,1051,442
2025-08-19,BTC,other_rept,1980,3153,-1173
2025-08-19,ETH,asset_mgr,5118,326,4792
2025-08-19,ETH,dealer,21285,11129,10156
2025-08-19,ETH,lev_funds,4131,18111,-13980
2025-08-19,ETH,nonrept,1281,763,518
2025-08-19,ETH,other_rept,1164,2650,-1486
2025-08-26,BTC,asset_mgr,8397,441,7956
2025-08-26,BTC,dealer,9670,1727,7943
2025-08-26,BTC,lev_funds,3581,18587,-15006
2025-08-26,BTC,nonrept,1382,1290,92
2025-08-26,BTC,other_rept,2187,3172,-985
2025-08-26,ETH,asset_mgr,6073,293,5780
2025-08-26,ETH,dealer,26514,11724,14790
2025-08-26,ETH,lev_funds,2938,21927,-18989
2025-08-26,ETH,nonrept,1366,700,666
2025-08-26,ETH,other_rept,806,3053,-2247
2025-09-02,BTC,asset_mgr,8709,510,8199
2025-09-02,BTC,dealer,9432,1984,7448
2025-09-02,BTC,lev_funds,2848,18170,-15322
2025-09-02,BTC,nonrept,1189,936,253
2025-09-02,BTC,other_rept,2631,3209,-578
2025-09-02,ETH,asset_mgr,5147,375,4772
2025-09-02,ETH,dealer,23318,11675,11643
2025-09-02,ETH,lev_funds,3361,18196,-14835
2025-09-02,ETH,nonrept,1230,667,563
2025-09-02,ETH,other_rept,784,2927,-2143
2025-09-09,BTC,asset_mgr,8560,714,7846
2025-09-09,BTC,dealer,9458,2301,7157
2025-09-09,BTC,lev_funds,3754,18505,-14751
2025-09-09,BTC,nonrept,1263,851,412
2025-09-09,BTC,other_rept,2384,3048,-664
2025-09-09,ETH,asset_mgr,4945,430,4515
2025-09-09,ETH,dealer,22952,11844,11108
2025-09-09,ETH,lev_funds,4663,18356,-13693
2025-09-09,ETH,nonrept,1319,724,595
2025-09-09,ETH,other_rept,583,3108,-2525
2025-09-16,BTC,asset_mgr,9038,771,8267
2025-09-16,BTC,dealer,9976,2326,7650
2025-09-16,BTC,lev_funds,2958,19327,-16369
2025-09-16,BTC,nonrept,1323,890,433
2025-09-16,BTC,other_rept,2967,2948,19
2025-09-16,ETH,asset_mgr,5104,392,4712
2025-09-16,ETH,dealer,25413,11846,13567
2025-09-16,ETH,lev_funds,3466,19641,-16175
2025-09-16,ETH,nonrept,1297,808,489
2025-09-16,ETH,other_rept,624,3217,-2593
2025-09-23,BTC,asset_mgr,8612,727,7885
2025-09-23,BTC,dealer,9454,2630,6824
2025-09-23,BTC,lev_funds,3623,18016,-14393
2025-09-23,BTC,nonrept,1245,999,246
2025-09-23,BTC,other_rept,2459,3021,-562
2025-09-23,ETH,asset_mgr,4908,438,4470
2025-09-23,ETH,dealer,25340,12053,13287
2025-09-23,ETH,lev_funds,3693,19738,-16045
2025-09-23,ETH,nonrept,1296,955,341
2025-09-23,ETH,other_rept,591,2644,-2053
2025-09-30,BTC,asset_mgr,8734,609,8125
2025-09-30,BTC,dealer,9294,3017,6277
2025-09-30,BTC,lev_funds,3010,16883,-13873
2025-09-30,BTC,nonrept,1280,1094,186
2025-09-30,BTC,other_rept,2822,3537,-715
2025-09-30,ETH,asset_mgr,5231,747,4484
2025-09-30,ETH,dealer,27627,11382,16245
2025-09-30,ETH,lev_funds,1824,20784,-18960
2025-09-30,ETH,nonrept,1164,904,260
2025-09-30,ETH,other_rept,524,2553,-2029
2025-10-07,BTC,asset_mgr,9212,612,8600
2025-10-07,BTC,dealer,9554,3195,6359
2025-10-07,BTC,lev_funds,3383,17430,-14047
2025-10-07,BTC,nonrept,1300,1068,232
2025-10-07,BTC,other_rept,2783,3927,-1144
2025-10-07,ETH,asset_mgr,5915,711,5204
2025-10-07,ETH,dealer,27816,11241,16575
2025-10-07,ETH,lev_funds,2054,22116,-20062
2025-10-07,ETH,nonrept,1293,693,600
2025-10-07,ETH,other_rept,554,2871,-2317
2025-10-14,BTC,asset_mgr,8651,608,8043
2025-10-14,BTC,dealer,9496,3169,6327
2025-10-14,BTC,lev_funds,4039,17470,-13431
2025-10-14,BTC,nonrept,1411,1087,324
2025-10-14,BTC,other_rept,2819,4082,-1263
2025-10-14,ETH,asset_mgr,5386,782,4604
2025-10-14,ETH,dealer,29391,11153,18238
2025-10-14,ETH,lev_funds,2949,24201,-21252
2025-10-14,ETH,nonrept,1093,611,482
2025-10-14,ETH,other_rept,637,2709,-2072
2025-10-21,BTC,asset_mgr,8475,633,7842
2025-10-21,BTC,dealer,9639,3035,6604
2025-10-21,BTC,lev_funds,3138,17140,-14002
2025-10-21,BTC,nonrept,1517,1048,469
2025-10-21,BTC,other_rept,3224,4137,-913
2025-10-21,ETH,asset_mgr,4629,813,3816
2025-10-21,ETH,dealer,28771,11078,17693
2025-10-21,ETH,lev_funds,3298,23787,-20489
2025-10-21,ETH,nonrept,1110,619,491
2025-10-21,ETH,other_rept,664,2175,-1511
2025-10-28,BTC,asset_mgr,8622,677,7945
2025-10-28,BTC,dealer,9609,2278,7331
2025-10-28,BTC,lev_funds,2721,19944,-17223
2025-10-28,BTC,nonrept,1365,939,426
2025-10-28,BTC,other_rept,3167,1646,1521
2025-10-28,ETH,asset_mgr,3640,880,2760
2025-10-28,ETH,dealer,29226,10950,18276
2025-10-28,ETH,lev_funds,2216,22183,-19967
2025-10-28,ETH,nonrept,1127,724,403
2025-10-28,ETH,other_rept,538,2010,-1472
2025-11-04,BTC,asset_mgr,7682,714,6968
2025-11-04,BTC,dealer,8775,2218,6557
2025-11-04,BTC,lev_funds,4270,19438,-15168
2025-11-04,BTC,nonrept,1310,1066,244
2025-11-04,BTC,other_rept,2958,1559,1399
2025-11-04,ETH,asset_mgr,3266,935,2331
2025-11-04,ETH,dealer,23058,11610,11448
2025-11-04,ETH,lev_funds,6912,19939,-13027
2025-11-04,ETH,nonrept,1095,654,441
2025-11-04,ETH,other_rept,534,1727,-1193
2025-11-10,BTC,asset_mgr,8073,647,7426
2025-11-10,BTC,dealer,9135,2336,6799
2025-11-10,BTC,lev_funds,3776,19586,-15810
2025-11-10,BTC,nonrept,1219,1248,-29
2025-11-10,BTC,other_rept,3190,1576,1614
2025-11-10,ETH,asset_mgr,3622,1029,2593
2025-11-10,ETH,dealer,26125,11565,14560
2025-11-10,ETH,lev_funds,4852,21443,-16591
2025-11-10,ETH,nonrept,1083,741,342
2025-11-10,ETH,other_rept,474,1378,-904
2025-11-18,BTC,asset_mgr,7123,875,6248
2025-11-18,BTC,dealer,7764,2459,5305
2025-11-18,BTC,lev_funds,5570,19134,-13564
2025-11-18,BTC,nonrept,1371,1220,151
2025-11-18,BTC,other_rept,3375,1515,1860
2025-11-18,ETH,asset_mgr,2898,952,1946
2025-11-18,ETH,dealer,22060,11308,10752
2025-11-18,ETH,lev_funds,5218,17815,-12597
2025-11-18,ETH,nonrept,1021,788,233
2025-11-18,ETH,other_rept,502,836,-334
2025-11-25,BTC,asset_mgr,7227,727,6500
2025-11-25,BTC,dealer,7320,2433,4887
2025-11-25,BTC,lev_funds,4352,18116,-13764
2025-11-25,BTC,nonrept,1539,1194,345
2025-11-25,BTC,other_rept,3360,1328,2032
2025-11-25,ETH,asset_mgr,2556,1194,1362
2025-11-25,ETH,dealer,19872,11474,8398
2025-11-25,ETH,lev_funds,5442,15914,-10472
2025-11-25,ETH,nonrept,1145,731,414
2025-11-25,ETH,other_rept,449,151,298
2025-12-02,BTC,asset_mgr,7590,704,6886
2025-12-02,BTC,dealer,7587,2417,5170
2025-12-02,BTC,lev_funds,2674,16800,-14126
2025-12-02,BTC,nonrept,1154,1130,24
2025-12-02,BTC,other_rept,3382,1336,2046
2025-12-02,ETH,asset_mgr,2459,1186,1273
2025-12-02,ETH,dealer,20635,12059,8576
2025-12-02,ETH,lev_funds,3782,14198,-10416
2025-12-02,ETH,nonrept,868,608,260
2025-12-02,ETH,other_rept,437,130,307
2025-12-09,BTC,asset_mgr,8098,746,7352
2025-12-09,BTC,dealer,8055,2397,5658
2025-12-09,BTC,lev_funds,2303,17173,-14870
2025-12-09,BTC,nonrept,1162,1080,82
2025-12-09,BTC,other_rept,3070,1292,1778
2025-12-09,ETH,asset_mgr,3197,1320,1877
2025-12-09,ETH,dealer,23939,11514,12425
2025-12-09,ETH,lev_funds,2162,17140,-14978
2025-12-09,ETH,nonrept,1006,660,346
2025-12-09,ETH,other_rept,470,140,330
2025-12-16,BTC,asset_mgr,7511,686,6825
2025-12-16,BTC,dealer,7117,2537,4580
2025-12-16,BTC,lev_funds,3092,15635,-12543
2025-12-16,BTC,nonrept,1025,1150,-125
2025-12-16,BTC,other_rept,2662,1399,1263
2025-12-16,ETH,asset_mgr,2517,1136,1381
2025-12-16,ETH,dealer,22249,11671,10578
2025-12-16,ETH,lev_funds,2191,14030,-11839
2025-12-16,ETH,nonrept,978,707,271
2025-12-16,ETH,other_rept,385,776,-391
2025-12-23,BTC,asset_mgr,6820,572,6248
2025-12-23,BTC,dealer,7203,2686,4517
2025-12-23,BTC,lev_funds,2686,13937,-11251
2025-12-23,BTC,nonrept,1203,1177,26
2025-12-23,BTC,other_rept,1851,1391,460
2025-12-23,ETH,asset_mgr,2271,1315,956
2025-12-23,ETH,dealer,22334,10985,11349
2025-12-23,ETH,lev_funds,1369,13548,-12179
2025-12-23,ETH,nonrept,1024,728,296
2025-12-23,ETH,other_rept,225,647,-422
2025-12-30,BTC,asset_mgr,7075,478,6597
2025-12-30,BTC,dealer,7064,2564,4500
2025-12-30,BTC,lev_funds,2115,13026,-10911
2025-12-30,BTC,nonrept,1058,1171,-113
2025-12-30,BTC,other_rept,1416,1489,-73
2025-12-30,ETH,asset_mgr,2097,1200,897
2025-12-30,ETH,dealer,22162,10791,11371
2025-12-30,ETH,lev_funds,1378,13241,-11863
2025-12-30,ETH,nonrept,866,762,104
2025-12-30,ETH,other_rept,197,706,-509
2026-01-06,BTC,asset_mgr,7677,752,6925
2026-01-06,BTC,dealer,7366,2712,4654
2026-01-06,BTC,lev_funds,2554,14294,-11740
2026-01-06,BTC,nonrept,1194,1118,76
2026-01-06,BTC,other_rept,1628,1543,85
2026-01-06,ETH,asset_mgr,3047,939,2108
2026-01-06,ETH,dealer,23618,10493,13125
2026-01-06,ETH,lev_funds,1476,16847,-15371
2026-01-06,ETH,nonrept,1021,621,400
2026-01-06,ETH,other_rept,523,785,-262
2026-01-13,BTC,asset_mgr,8085,736,7349
2026-01-13,BTC,dealer,7605,2820,4785
2026-01-13,BTC,lev_funds,2690,15408,-12718
2026-01-13,BTC,nonrept,1204,1139,65
2026-01-13,BTC,other_rept,1995,1476,519
2026-01-13,ETH,asset_mgr,2921,1118,1803
2026-01-13,ETH,dealer,23339,10510,12829
2026-01-13,ETH,lev_funds,2382,17383,-15001
2026-01-13,ETH,nonrept,1019,566,453
2026-01-13,ETH,other_rept,623,707,-84
2026-01-20,BTC,asset_mgr,7800,548,7252
2026-01-20,BTC,dealer,7151,2761,4390
2026-01-20,BTC,lev_funds,4591,16149,-11558
2026-01-20,BTC,nonrept,1285,1138,147
2026-01-20,BTC,other_rept,1231,1462,-231
2026-01-20,ETH,asset_mgr,2310,1517,793
2026-01-20,ETH,dealer,21428,10578,10850
2026-01-20,ETH,lev_funds,5982,17432,-11450
2026-01-20,ETH,nonrept,981,607,374
2026-01-20,ETH,other_rept,384,951,-567
2026-01-27,BTC,asset_mgr,7769,491,7278
2026-01-27,BTC,dealer,7130,2502,4628
2026-01-27,BTC,lev_funds,3003,15399,-12396
2026-01-27,BTC,nonrept,1206,1311,-105
2026-01-27,BTC,other_rept,1004,409,595
2026-01-27,ETH,asset_mgr,1970,633,1337
2026-01-27,ETH,dealer,21932,10257,11675
2026-01-27,ETH,lev_funds,3209,16114,-12905
2026-01-27,ETH,nonrept,866,665,201
2026-01-27,ETH,other_rept,351,659,-308
2026-02-03,BTC,asset_mgr,7193,891,6302
2026-02-03,BTC,dealer,6302,2224,4078
2026-02-03,BTC,lev_funds,4450,15875,-11425
2026-02-03,BTC,nonrept,1151,1191,-40
2026-02-03,BTC,other_rept,1486,401,1085
2026-02-03,ETH,asset_mgr,1272,679,593
2026-02-03,ETH,dealer,17857,9907,7950
2026-02-03,ETH,lev_funds,4126,12360,-8234
2026-02-03,ETH,nonrept,804,639,165
2026-02-03,ETH,other_rept,169,643,-474
2026-02-10,BTC,asset_mgr,7476,972,6504
2026-02-10,BTC,dealer,5746,2470,3276
2026-02-10,BTC,lev_funds,4372,13871,-9499
2026-02-10,BTC,nonrept,1202,1102,100
2026-02-10,BTC,other_rept,116,497,-381
2026-02-10,ETH,asset_mgr,1635,954,681
2026-02-10,ETH,dealer,15802,10047,5755
2026-02-10,ETH,lev_funds,5214,10963,-5749
2026-02-10,ETH,nonrept,860,808,52
2026-02-10,ETH,other_rept,119,858,-739
2026-02-17,BTC,asset_mgr,6957,1019,5938
2026-02-17,BTC,dealer,5821,2570,3251
2026-02-17,BTC,lev_funds,3954,12830,-8876
2026-02-17,BTC,nonrept,1163,1094,69
2026-02-17,BTC,other_rept,293,675,-382
2026-02-17,ETH,asset_mgr,2423,1587,836
2026-02-17,ETH,dealer,15632,10251,5381
2026-02-17,ETH,lev_funds,4469,9994,-5525
2026-02-17,ETH,nonrept,880,734,146
2026-02-17,ETH,other_rept,145,983,-838
2026-02-24,BTC,asset_mgr,6662,944,5718
2026-02-24,BTC,dealer,5763,2612,3151
2026-02-24,BTC,lev_funds,4124,12360,-8236
2026-02-24,BTC,nonrept,1162,1214,-52
2026-02-24,BTC,other_rept,328,909,-581
2026-02-24,ETH,asset_mgr,1209,2378,-1169
2026-02-24,ETH,dealer,14731,10067,4664
2026-02-24,ETH,lev_funds,5031,7734,-2703
2026-02-24,ETH,nonrept,864,823,41
2026-02-24,ETH,other_rept,170,1003,-833
2026-03-03,BTC,asset_mgr,7154,1129,6025
2026-03-03,BTC,dealer,5975,2332,3643
2026-03-03,BTC,lev_funds,3138,12333,-9195
2026-03-03,BTC,nonrept,1149,1298,-149
2026-03-03,BTC,other_rept,69,393,-324
2026-03-03,ETH,asset_mgr,2012,2050,-38
2026-03-03,ETH,dealer,16906,8369,8537
2026-03-03,ETH,lev_funds,3100,10867,-7767
2026-03-03,ETH,nonrept,765,806,-41
2026-03-03,ETH,other_rept,59,750,-691
2026-03-10,BTC,asset_mgr,6875,984,5891
2026-03-10,BTC,dealer,5842,2329,3513
2026-03-10,BTC,lev_funds,3058,12737,-9679
2026-03-10,BTC,nonrept,1073,1053,20
2026-03-10,BTC,other_rept,682,427,255
2026-03-10,ETH,asset_mgr,2209,2161,48
2026-03-10,ETH,dealer,17103,5912,11191
2026-03-10,ETH,lev_funds,2454,13602,-11148
2026-03-10,ETH,nonrept,797,550,247
2026-03-10,ETH,other_rept,84,422,-338
2026-03-17,BTC,asset_mgr,6954,1068,5886
2026-03-17,BTC,dealer,6302,2257,4045
2026-03-17,BTC,lev_funds,2530,13390,-10860
2026-03-17,BTC,nonrept,1246,1157,89
2026-03-17,BTC,other_rept,1268,428,840
2026-03-17,ETH,asset_mgr,2894,2192,702
2026-03-17,ETH,dealer,19146,6177,12969
2026-03-17,ETH,lev_funds,2314,16303,-13989
2026-03-17,ETH,nonrept,787,569,218
2026-03-17,ETH,other_rept,449,349,100
2026-03-24,BTC,asset_mgr,6219,1151,5068
2026-03-24,BTC,dealer,5904,2095,3809
2026-03-24,BTC,lev_funds,3814,12165,-8351
2026-03-24,BTC,nonrept,1097,1254,-157
2026-03-24,BTC,other_rept,64,433,-369
2026-03-24,ETH,asset_mgr,2210,2082,128
2026-03-24,ETH,dealer,17347,6192,11155
2026-03-24,ETH,lev_funds,1924,12926,-11002
2026-03-24,ETH,nonrept,798,539,259
2026-03-24,ETH,other_rept,63,603,-540
2026-03-31,BTC,asset_mgr,5965,1161,4804
2026-03-31,BTC,dealer,6014,2148,3866
2026-03-31,BTC,lev_funds,2991,11043,-8052
2026-03-31,BTC,nonrept,805,1249,-444
2026-03-31,BTC,other_rept,94,268,-174
2026-03-31,ETH,asset_mgr,2113,2205,-92
2026-03-31,ETH,dealer,16657,6243,10414
2026-03-31,ETH,lev_funds,2563,12874,-10311
2026-03-31,ETH,nonrept,610,563,47
2026-03-31,ETH,other_rept,29,87,-58
2026-04-07,BTC,asset_mgr,6022,1449,4573
2026-04-07,BTC,dealer,5959,2233,3726
2026-04-07,BTC,lev_funds,3601,12028,-8427
2026-04-07,BTC,nonrept,927,1235,-308
2026-04-07,BTC,other_rept,710,274,436
2026-04-07,ETH,asset_mgr,2080,2169,-89
2026-04-07,ETH,dealer,16567,6436,10131
2026-04-07,ETH,lev_funds,2802,12829,-10027
2026-04-07,ETH,nonrept,602,515,87
2026-04-07,ETH,other_rept,87,189,-102
2026-04-14,BTC,asset_mgr,6505,1244,5261
2026-04-14,BTC,dealer,6520,2326,4194
2026-04-14,BTC,lev_funds,3318,13557,-10239
2026-04-14,BTC,nonrept,1012,1162,-150
2026-04-14,BTC,other_rept,1326,392,934
2026-04-14,ETH,asset_mgr,2976,2449,527
2026-04-14,ETH,dealer,18421,7569,10852
2026-04-14,ETH,lev_funds,2080,14029,-11949
2026-04-14,ETH,nonrept,824,519,305
2026-04-14,ETH,other_rept,432,167,265
2026-04-21,BTC,asset_mgr,6587,1229,5358
2026-04-21,BTC,dealer,6748,2187,4561
2026-04-21,BTC,lev_funds,2935,13657,-10722
2026-04-21,BTC,nonrept,1233,1054,179
2026-04-21,BTC,other_rept,977,353,624
2026-04-21,ETH,asset_mgr,2527,2576,-49
2026-04-21,ETH,dealer,18774,8334,10440
2026-04-21,ETH,lev_funds,2441,13124,-10683
2026-04-21,ETH,nonrept,807,493,314
2026-04-21,ETH,other_rept,66,88,-22
2026-04-28,BTC,asset_mgr,6621,1196,5425
2026-04-28,BTC,dealer,6704,2143,4561
2026-04-28,BTC,lev_funds,3534,13894,-10360
2026-04-28,BTC,nonrept,1046,1106,-60
2026-04-28,BTC,other_rept,727,293,434
2026-04-28,ETH,asset_mgr,2462,2017,445
2026-04-28,ETH,dealer,18756,7464,11292
2026-04-28,ETH,lev_funds,2142,13783,-11641
2026-04-28,ETH,nonrept,736,560,176
2026-04-28,ETH,other_rept,36,308,-272
2026-05-05,BTC,asset_mgr,7096,909,6187
2026-05-05,BTC,dealer,6891,2422,4469
2026-05-05,BTC,lev_funds,4148,15886,-11738
2026-05-05,BTC,nonrept,1184,1086,98
2026-05-05,BTC,other_rept,1356,372,984
2026-05-05,ETH,asset_mgr,3385,2025,1360
2026-05-05,ETH,dealer,19036,7259,11777
2026-05-05,ETH,lev_funds,2330,15923,-13593
2026-05-05,ETH,nonrept,811,516,295
2026-05-05,ETH,other_rept,244,83,161
2026-05-12,BTC,asset_mgr,7097,1297,5800
2026-05-12,BTC,dealer,6135,2254,3881
2026-05-12,BTC,lev_funds,4347,15417,-11070
2026-05-12,BTC,nonrept,1949,1048,901
2026-05-12,BTC,other_rept,782,294,488
2026-05-12,ETH,asset_mgr,2639,3175,-536
2026-05-12,ETH,dealer,15547,7231,8316
2026-05-12,ETH,lev_funds,4372,14776,-10404
2026-05-12,ETH,nonrept,3662,572,3090
2026-05-12,ETH,other_rept,37,503,-466
2026-05-19,BTC,asset_mgr,6227,1406,4821
2026-05-19,BTC,dealer,6313,2252,4061
2026-05-19,BTC,lev_funds,5253,14214,-8961
2026-05-19,BTC,nonrept,1262,1102,160
2026-05-19,BTC,other_rept,210,291,-81
2026-05-19,ETH,asset_mgr,1932,3432,-1500
2026-05-19,ETH,dealer,16992,6974,10018
2026-05-19,ETH,lev_funds,5907,14242,-8335
2026-05-19,ETH,nonrept,684,411,273
2026-05-19,ETH,other_rept,58,514,-456
2026-05-26,BTC,asset_mgr,5950,1598,4352
2026-05-26,BTC,dealer,6321,2239,4082
2026-05-26,BTC,lev_funds,4666,13300,-8634
2026-05-26,BTC,nonrept,1267,1159,108
2026-05-26,BTC,other_rept,421,329,92
2026-05-26,ETH,asset_mgr,1593,3185,-1592
2026-05-26,ETH,dealer,16615,6282,10333
2026-05-26,ETH,lev_funds,6212,13716,-7504
2026-05-26,ETH,nonrept,753,1653,-900
2026-05-26,ETH,other_rept,106,443,-337
2026-06-02,BTC,asset_mgr,5256,2153,3103
2026-06-02,BTC,dealer,5504,2033,3471
2026-06-02,BTC,lev_funds,6269,12827,-6558
2026-06-02,BTC,nonrept,1153,1016,137
2026-06-02,BTC,other_rept,365,518,-153
2026-06-02,ETH,asset_mgr,1183,4486,-3303
2026-06-02,ETH,dealer,15173,6440,8733
2026-06-02,ETH,lev_funds,7161,11482,-4321
2026-06-02,ETH,nonrept,632,1217,-585
2026-06-02,ETH,other_rept,25,549,-524
2026-06-09,BTC,asset_mgr,5330,2442,2888
2026-06-09,BTC,dealer,5679,1990,3689
2026-06-09,BTC,lev_funds,6153,12148,-5995
2026-06-09,BTC,nonrept,1009,1121,-112
2026-06-09,BTC,other_rept,122,592,-470
2026-06-09,ETH,asset_mgr,903,4145,-3242
2026-06-09,ETH,dealer,14237,6136,8101
2026-06-09,ETH,lev_funds,7370,12021,-4651
2026-06-09,ETH,nonrept,677,541,136
2026-06-09,ETH,other_rept,54,398,-344
2026-06-16,BTC,asset_mgr,5433,2926,2507
2026-06-16,BTC,dealer,6026,2016,4010
2026-06-16,BTC,lev_funds,6077,12684,-6607
2026-06-16,BTC,nonrept,1140,1070,70
2026-06-16,BTC,other_rept,301,281,20
2026-06-16,ETH,asset_mgr,1433,3747,-2314
2026-06-16,ETH,dealer,15543,6438,9105
2026-06-16,ETH,lev_funds,4855,11607,-6752
2026-06-16,ETH,nonrept,635,580,55
2026-06-16,ETH,other_rept,151,245,-94
2026-06-23,BTC,asset_mgr,5202,2617,2585
2026-06-23,BTC,dealer,6075,2044,4031
2026-06-23,BTC,lev_funds,4925,11055,-6130
2026-06-23,BTC,nonrept,935,1206,-271
2026-06-23,BTC,other_rept,216,431,-215
2026-06-23,ETH,asset_mgr,1038,4054,-3016
2026-06-23,ETH,dealer,14645,6390,8255
2026-06-23,ETH,lev_funds,5617,10594,-4977
2026-06-23,ETH,nonrept,699,616,83
2026-06-23,ETH,other_rept,100,445,-345
2026-06-30,BTC,asset_mgr,4754,2754,2000
2026-06-30,BTC,dealer,6260,1735,4525
2026-06-30,BTC,lev_funds,5408,10721,-5313
2026-06-30,BTC,nonrept,758,992,-234
2026-06-30,BTC,other_rept,145,1123,-978
2026-06-30,ETH,asset_mgr,874,3912,-3038
2026-06-30,ETH,dealer,14448,6311,8137
2026-06-30,ETH,lev_funds,4668,9359,-4691
2026-06-30,ETH,nonrept,550,471,79
2026-06-30,ETH,other_rept,50,537,-487
2026-07-07,BTC,asset_mgr,4790,2405,2385
2026-07-07,BTC,dealer,6718,1939,4779
2026-07-07,BTC,lev_funds,4406,11123,-6717
2026-07-07,BTC,nonrept,821,1104,-283
2026-07-07,BTC,other_rept,197,361,-164
2026-07-07,ETH,asset_mgr,1819,3928,-2109
2026-07-07,ETH,dealer,16109,6658,9451
2026-07-07,ETH,lev_funds,2488,9797,-7309
2026-07-07,ETH,nonrept,681,540,141
2026-07-07,ETH,other_rept,25,199,-174
2026-07-14,BTC,asset_mgr,4779,1964,2815
2026-07-14,BTC,dealer,6754,2138,4616
2026-07-14,BTC,lev_funds,4015,11506,-7491
2026-07-14,BTC,nonrept,871,1057,-186
2026-07-14,BTC,other_rept,389,143,246
2026-07-14,ETH,asset_mgr,1937,3343,-1406
2026-07-14,ETH,dealer,16295,7120,9175
2026-07-14,ETH,lev_funds,2914,10875,-7961
2026-07-14,ETH,nonrept,847,591,256
2026-07-14,ETH,other_rept,25,89,-64
2026-07-21,BTC,asset_mgr,4684,1957,2727
2026-07-21,BTC,dealer,6904,2281,4623
2026-07-21,BTC,lev_funds,4042,11991,-7949
2026-07-21,BTC,nonrept,793,861,-68
2026-07-21,BTC,other_rept,810,143,667
2026-07-21,ETH,asset_mgr,1634,4054,-2420
2026-07-21,ETH,dealer,16361,7198,9163
2026-07-21,ETH,lev_funds,2223,9276,-7053
2026-07-21,ETH,nonrept,821,386,435
2026-07-21,ETH,other_rept,25,150,-125
2026-07-28,BTC,asset_mgr,4798,2499,2299
2026-07-28,BTC,dealer,6525,2445,4080
2026-07-28,BTC,lev_funds,3295,10168,-6873
2026-07-28,BTC,nonrept,722,1064,-342
2026-07-28,BTC,other_rept,992,156,836
2026-07-28,ETH,asset_mgr,1036,4508,-3472
2026-07-28,ETH,dealer,16348,7310,9038
2026-07-28,ETH,lev_funds,1828,7224,-5396
2026-07-28,ETH,nonrept,779,671,108
2026-07-28,ETH,other_rept,25,303,-278
2026-08-04,BTC,asset_mgr,4764,2222,2542
2026-08-04,BTC,dealer,6099,3130,2969
2026-08-04,BTC,lev_funds,4243,11483,-7240
2026-08-04,BTC,nonrept,652,1072,-420
2026-08-04,BTC,other_rept,2491,342,2149
2026-08-04,ETH,asset_mgr,874,4493,-3619
2026-08-04,ETH,dealer,15372,8376,6996
2026-08-04,ETH,lev_funds,2923,6128,-3205
2026-08-04,ETH,nonrept,746,594,152
2026-08-04,ETH,other_rept,25,349,-324
2026-08-11,BTC,asset_mgr,4741,2507,2234
2026-08-11,BTC,dealer,6041,2962,3079
2026-08-11,BTC,lev_funds,4997,12049,-7052
2026-08-11,BTC,nonrept,778,1088,-310
2026-08-11,BTC,other_rept,2443,394,2049
2026-08-11,ETH,asset_mgr,1279,4398,-3119
2026-08-11,ETH,dealer,15598,8196,7402
2026-08-11,ETH,lev_funds,3558,7556,-3998
2026-08-11,ETH,nonrept,693,590,103
2026-08-11,ETH,other_rept,25,413,-388
2026-08-18,BTC,asset_mgr,4531,1799,2732
2026-08-18,BTC,dealer,5989,3018,2971
2026-08-18,BTC,lev_funds,4488,11927,-7439
2026-08-18,BTC,nonrept,705,993,-288
2026-08-18,BTC,other_rept,2400,376,2024
2026-08-18,ETH,asset_mgr,1037,4113,-3076
2026-08-18,ETH,dealer,15694,8166,7528
2026-08-18,ETH,lev_funds,2979,7374,-4395
2026-08-18,ETH,nonrept,782,587,195
2026-08-18,ETH,other_rept,187,439,-252
2026-08-25,BTC,asset_mgr,4732,1787,2945
2026-08-25,BTC,dealer,6924,3345,3579
2026-08-25,BTC,lev_funds,3181,11270,-8089
2026-08-25,BTC,nonrept,1121,1280,-159
2026-08-25,BTC,other_rept,1901,177,1724
2026-08-25,ETH,asset_mgr,1307,3510,-2203
2026-08-25,ETH,dealer,18993,7763,11230
2026-08-25,ETH,lev_funds,1949,10334,-8385
2026-08-25,ETH,nonrept,897,852,45
2026-08-25,ETH,other_rept,116,803,-687
2026-09-01,BTC,asset_mgr,4837,1139,3698
2026-09-01,BTC,dealer,6626,3842,2784
2026-09-01,BTC,lev_funds,4530,12150,-7620
2026-09-01,BTC,nonrept,1187,813,374
2026-09-01,BTC,other_rept,865,101,764
2026-09-01,ETH,asset_mgr,1302,2736,-1434
2026-09-01,ETH,dealer,17390,10032,7358
2026-09-01,ETH,lev_funds,3821,9146,-5325
2026-09-01,ETH,nonrept,870,413,457
2026-09-01,ETH,other_rept,75,1131,-1056
2026-09-08,BTC,asset_mgr,4950,1207,3743
2026-09-08,BTC,dealer,6799,3856,2943
2026-09-08,BTC,lev_funds,5146,13038,-7892
2026-09-08,BTC,nonrept,1273,736,537
2026-09-08,BTC,other_rept,769,100,669
2026-09-08,ETH,asset_mgr,1625,3278,-1653
2026-09-08,ETH,dealer,19634,10231,9403
2026-09-08,ETH,lev_funds,3096,10382,-7286
2026-09-08,ETH,nonrept,900,419,481
2026-09-08,ETH,other_rept,157,1102,-945
2026-09-15,BTC,asset_mgr,4528,1768,2760
2026-09-15,BTC,dealer,6587,3168,3419
2026-09-15,BTC,lev_funds,5545,11899,-6354
2026-09-15,BTC,nonrept,1021,832,189
2026-09-15,BTC,other_rept,122,136,-14
2026-09-15,ETH,asset_mgr,1419,3339,-1920
2026-09-15,ETH,dealer,19586,9015,10571
2026-09-15,ETH,lev_funds,3293,11015,-7722
2026-09-15,ETH,nonrept,577,383,194
2026-09-15,ETH,other_rept,159,1282,-1123
2026-09-22,BTC,asset_mgr,4962,1791,3171
2026-09-22,BTC,dealer,7135,3488,3647
2026-09-22,BTC,lev_funds,4745,12698,-7953
2026-09-22,BTC,nonrept,1284,931,353
2026-09-22,BTC,other_rept,881,99,782
2026-09-22,ETH,asset_mgr,1837,3329,-1492
2026-09-22,ETH,dealer,21765,9393,12372
2026-09-22,ETH,lev_funds,2603,13220,-10617
2026-09-22,ETH,nonrept,1215,459,756
2026-09-22,ETH,other_rept,179,1198,-1019
