date,coin,n,state,votes,saved_at,y,v,since
2026-09-28,ADA,-1,obs,p0t0s-h0,2026-09-29T06:15:52Z,,2,2026-09-28
2026-09-28,AVAX,-1,obs,p0t0s-h0,2026-09-29T06:15:52Z,,2,2026-09-28
2026-09-28,BNB,-1,obs,p0t0s-h0,2026-09-29T06:15:52Z,,2,2026-09-28
2026-09-28,BTC,-2,obs,p0t-e0s-h0,2026-09-29T06:15:52Z,,2,2026-09-28
2026-09-28,DOGE,0,x,p0t+s-h0,2026-09-29T06:15:52Z,,2,2026-09-28
2026-09-28,ETH,-1,obs,p0t0e0s-h0,2026-09-29T06:15:52Z,,2,2026-09-28
2026-09-28,LINK,0,x,p+t0s-h0,2026-09-29T06:15:52Z,,2,2026-09-28
2026-09-28,SOL,-1,obs,p0t0s-h0,2026-09-29T06:15:52Z,,2,2026-09-28
2026-09-28,TRX,-1,obs,p0t0s-h0,2026-09-29T06:15:52Z,,2,2026-09-28
2026-09-28,XRP,-1,obs,p0t0s-h0,2026-09-29T06:15:52Z,,2,2026-09-28
2026-09-29,ADA,-1,obs,p0t0s-h0,2026-09-30T06:15:08Z,,2,2026-09-28
2026-09-29,AVAX,-1,obs,p+t0s-h-,2026-09-30T06:15:08Z,,2,2026-09-28
2026-09-29,BNB,-1,obs,p0t0s-h0,2026-09-30T06:15:08Z,,2,2026-09-28
2026-09-29,BTC,-1,obs,p0t0e0s-h0,2026-09-30T06:15:08Z,,2,2026-09-28
2026-09-29,DOGE,-1,obs,p0t0s-h0,2026-09-30T06:15:08Z,,2,2026-09-28
2026-09-29,ETH,-2,obs,p0t0e0s-h-,2026-09-30T06:15:08Z,,2,2026-09-28
2026-09-29,LINK,-2,obs,p-t0s-h0,2026-09-30T06:15:08Z,,2,2026-09-28
2026-09-29,SOL,-1,obs,p0t0s-h0,2026-09-30T06:15:08Z,,2,2026-09-28
2026-09-29,TRX,-1,obs,p0t0s-h0,2026-09-30T06:15:08Z,,2,2026-09-28
2026-09-29,XRP,-1,obs,p0t0s-h0,2026-09-30T06:15:08Z,,2,2026-09-28
