date,walcl_musd,tga_musd,rrp_musd,net_liquidity_musd,method
2023-09-26,8024090,661717,1438301,5924072,"walcl@2023-09-20,tga@2023-09-20"
2023-09-27,8002064,672142,1442805,5887117,"walcl@2023-09-27,tga@2023-09-27"
2023-09-28,8002064,672142,1453366,5876556,"walcl@2023-09-27,tga@2023-09-27"
2023-09-29,8002064,672142,1557569,5772353,"walcl@2023-09-27,tga@2023-09-27"
2023-10-02,8002064,672142,1365739,5964183,"walcl@2023-09-27,tga@2023-09-27"
2023-10-03,8002064,672142,1348465,5981457,"walcl@2023-09-27,tga@2023-09-27"
2023-10-04,7955782,678959,1342031,5934792,"walcl@2023-10-04,tga@2023-10-04"
2023-10-05,7955782,678959,1265132,6011691,"walcl@2023-10-04,tga@2023-10-04"
2023-10-06,7955782,678959,1283461,5993362,"walcl@2023-10-04,tga@2023-10-04"
2023-10-10,7955782,678959,1222440,6054383,"walcl@2023-10-04,tga@2023-10-04"
2023-10-11,7952054,713000,1239382,5999672,"walcl@2023-10-11,tga@2023-10-11"
2023-10-12,7952054,713000,1157319,6081735,"walcl@2023-10-11,tga@2023-10-11"
2023-10-13,7952054,713000,1151818,6087236,"walcl@2023-10-11,tga@2023-10-11"
2023-10-16,7952054,713000,1108819,6130235,"walcl@2023-10-11,tga@2023-10-11"
2023-10-17,7952054,713000,1082502,6156552,"walcl@2023-10-11,tga@2023-10-11"
2023-10-18,7933162,841103,1150781,5941278,"walcl@2023-10-18,tga@2023-10-18"
2023-10-19,7933162,841103,1114179,5977880,"walcl@2023-10-18,tga@2023-10-18"
2023-10-20,7933162,841103,1138756,5953303,"walcl@2023-10-18,tga@2023-10-18"
2023-10-23,7933162,841103,1157976,5934083,"walcl@2023-10-18,tga@2023-10-18"
2023-10-24,7933162,841103,1097875,5994184,"walcl@2023-10-18,tga@2023-10-18"
2023-10-25,7907830,847717,1100617,5959496,"walcl@2023-10-25,tga@2023-10-25"
2023-10-26,7907830,847717,1089850,5970263,"walcl@2023-10-25,tga@2023-10-25"
2023-10-27,7907830,847717,1091858,5968255,"walcl@2023-10-25,tga@2023-10-25"
2023-10-30,7907830,847717,1138035,5922078,"walcl@2023-10-25,tga@2023-10-25"
2023-10-31,7907830,847717,1137697,5922416,"walcl@2023-10-25,tga@2023-10-25"
2023-11-01,7866664,753008,1079462,6034194,"walcl@2023-11-01,tga@2023-11-01"
2023-11-02,7866664,753008,1054986,6058670,"walcl@2023-11-01,tga@2023-11-01"
2023-11-03,7866664,753008,1071139,6042517,"walcl@2023-11-01,tga@2023-11-01"
2023-11-06,7866664,753008,1062878,6050778,"walcl@2023-11-01,tga@2023-11-01"
2023-11-07,7866664,753008,1008685,6104971,"walcl@2023-11-01,tga@2023-11-01"
2023-11-08,7860691,763459,1024451,6072781,"walcl@2023-11-08,tga@2023-11-08"
2023-11-09,7860691,763459,993314,6103918,"walcl@2023-11-08,tga@2023-11-08"
2023-11-10,7860691,763459,1032720,6064512,"walcl@2023-11-08,tga@2023-11-08"
2023-11-13,7860691,763459,1020272,6076960,"walcl@2023-11-08,tga@2023-11-08"
2023-11-14,7860691,763459,988298,6108934,"walcl@2023-11-08,tga@2023-11-08"
2023-11-15,7814991,669976,944241,6200774,"walcl@2023-11-15,tga@2023-11-15"
2023-11-16,7814991,669976,912010,6233005,"walcl@2023-11-15,tga@2023-11-15"
2023-11-17,7814991,669976,935803,6209212,"walcl@2023-11-15,tga@2023-11-15"
2023-11-20,7814991,669976,953088,6191927,"walcl@2023-11-15,tga@2023-11-15"
2023-11-21,7814991,669976,931155,6213860,"walcl@2023-11-15,tga@2023-11-15"
2023-11-22,7810814,693007,931604,6186203,"walcl@2023-11-22,tga@2023-11-22"
2023-11-24,7810814,693007,865907,6251900,"walcl@2023-11-22,tga@2023-11-22"
2023-11-27,7810814,693007,867220,6250587,"walcl@2023-11-22,tga@2023-11-22"
2023-11-28,7810814,693007,873344,6244463,"walcl@2023-11-22,tga@2023-11-22"
2023-11-29,7796145,753570,914187,6128388,"walcl@2023-11-29,tga@2023-11-29"
2023-11-30,7796145,753570,887822,6154753,"walcl@2023-11-29,tga@2023-11-29"
2023-12-01,7796145,753570,768543,6274032,"walcl@2023-11-29,tga@2023-11-29"
2023-12-04,7796145,753570,815847,6226728,"walcl@2023-11-29,tga@2023-11-29"
2023-12-05,7796145,753570,834428,6208147,"walcl@2023-11-29,tga@2023-11-29"
2023-12-06,7737385,667678,846498,6223209,"walcl@2023-12-06,tga@2023-12-06"
2023-12-07,7737385,667678,825734,6243973,"walcl@2023-12-06,tga@2023-12-06"
2023-12-08,7737385,667678,821408,6248299,"walcl@2023-12-06,tga@2023-12-06"
2023-12-11,7737385,667678,838507,6231200,"walcl@2023-12-06,tga@2023-12-06"
2023-12-12,7737385,667678,837803,6231904,"walcl@2023-12-06,tga@2023-12-06"
2023-12-13,7739566,630618,823329,6285619,"walcl@2023-12-13,tga@2023-12-13"
2023-12-14,7739566,630618,769346,6339602,"walcl@2023-12-13,tga@2023-12-13"
2023-12-15,7739566,630618,683254,6425694,"walcl@2023-12-13,tga@2023-12-13"
2023-12-18,7739566,630618,724704,6384244,"walcl@2023-12-13,tga@2023-12-13"
2023-12-19,7739566,630618,773082,6335866,"walcl@2023-12-13,tga@2023-12-13"
2023-12-20,7724063,732721,779143,6212199,"walcl@2023-12-20,tga@2023-12-20"
2023-12-21,7724063,732721,778402,6212940,"walcl@2023-12-20,tga@2023-12-20"
2023-12-22,7724063,732721,772258,6219084,"walcl@2023-12-20,tga@2023-12-20"
2023-12-26,7724063,732721,793937,6197405,"walcl@2023-12-20,tga@2023-12-20"
2023-12-27,7712781,713064,818869,6180848,"walcl@2023-12-27,tga@2023-12-27"
2023-12-28,7712781,713064,829573,6170144,"walcl@2023-12-27,tga@2023-12-27"
2023-12-29,7712781,713064,1018483,5981234,"walcl@2023-12-27,tga@2023-12-27"
2024-01-02,7712781,713064,704864,6294853,"walcl@2023-12-27,tga@2023-12-27"
2024-01-03,7681024,743464,719897,6217663,"walcl@2024-01-03,tga@2024-01-03"
2024-01-04,7681024,743464,664899,6272661,"walcl@2024-01-03,tga@2024-01-03"
2024-01-05,7681024,743464,694478,6243082,"walcl@2024-01-03,tga@2024-01-03"
2024-01-08,7681024,743464,691485,6246075,"walcl@2024-01-03,tga@2024-01-03"
2024-01-09,7681024,743464,676050,6261510,"walcl@2024-01-03,tga@2024-01-03"
2024-01-10,7686710,727856,679961,6278893,"walcl@2024-01-10,tga@2024-01-10"
2024-01-11,7686710,727856,626370,6332484,"walcl@2024-01-10,tga@2024-01-10"
2024-01-12,7686710,727856,603116,6355738,"walcl@2024-01-10,tga@2024-01-10"
2024-01-16,7686710,727856,583103,6375751,"walcl@2024-01-10,tga@2024-01-10"
2024-01-17,7673741,773544,590191,6310006,"walcl@2024-01-17,tga@2024-01-17"
2024-01-18,7673741,773544,618234,6281963,"walcl@2024-01-17,tga@2024-01-17"
2024-01-19,7673741,773544,625182,6275015,"walcl@2024-01-17,tga@2024-01-17"
2024-01-22,7673741,773544,647103,6253094,"walcl@2024-01-17,tga@2024-01-17"
2024-01-23,7673741,773544,621195,6279002,"walcl@2024-01-17,tga@2024-01-17"
2024-01-24,7677230,815159,639560,6222511,"walcl@2024-01-24,tga@2024-01-24"
2024-01-25,7677230,815159,557687,6304384,"walcl@2024-01-24,tga@2024-01-24"
2024-01-26,7677230,815159,570828,6291243,"walcl@2024-01-24,tga@2024-01-24"
2024-01-29,7677230,815159,581410,6280661,"walcl@2024-01-24,tga@2024-01-24"
2024-01-30,7677230,815159,577755,6284316,"walcl@2024-01-24,tga@2024-01-24"
2024-01-31,7630124,865481,615379,6149264,"walcl@2024-01-31,tga@2024-01-31"
2024-02-01,7630124,865481,503548,6261095,"walcl@2024-01-31,tga@2024-01-31"
2024-02-02,7630124,865481,513422,6251221,"walcl@2024-01-31,tga@2024-01-31"
2024-02-05,7630124,865481,552289,6212354,"walcl@2024-01-31,tga@2024-01-31"
2024-02-06,7630124,865481,532439,6232204,"walcl@2024-01-31,tga@2024-01-31"
2024-02-07,7631300,821575,553055,6256670,"walcl@2024-02-07,tga@2024-02-07"
2024-02-08,7631300,821575,535705,6274020,"walcl@2024-02-07,tga@2024-02-07"
2024-02-09,7631300,821575,569175,6240550,"walcl@2024-02-07,tga@2024-02-07"
2024-02-12,7631300,821575,581568,6228157,"walcl@2024-02-07,tga@2024-02-07"
2024-02-13,7631300,821575,553684,6256041,"walcl@2024-02-07,tga@2024-02-07"
2024-02-14,7633874,831880,575332,6226662,"walcl@2024-02-14,tga@2024-02-14"
2024-02-15,7633874,831880,493065,6308929,"walcl@2024-02-14,tga@2024-02-14"
2024-02-16,7633874,831880,532125,6269869,"walcl@2024-02-14,tga@2024-02-14"
2024-02-20,7633874,831880,530879,6271115,"walcl@2024-02-14,tga@2024-02-14"
2024-02-21,7581683,788759,574882,6218042,"walcl@2024-02-21,tga@2024-02-21"
2024-02-22,7581683,788759,553245,6239679,"walcl@2024-02-21,tga@2024-02-21"
2024-02-23,7581683,788759,520107,6272817,"walcl@2024-02-21,tga@2024-02-21"
2024-02-26,7581683,788759,524959,6267965,"walcl@2024-02-21,tga@2024-02-21"
2024-02-27,7581683,788759,519725,6273199,"walcl@2024-02-21,tga@2024-02-21"
2024-02-28,7567807,767672,569855,6230280,"walcl@2024-02-28,tga@2024-02-28"
2024-02-29,7567807,767672,502074,6298061,"walcl@2024-02-28,tga@2024-02-28"
2024-03-01,7567807,767672,441265,6358870,"walcl@2024-02-28,tga@2024-02-28"
2024-03-04,7567807,767672,439793,6360342,"walcl@2024-02-28,tga@2024-02-28"
2024-03-05,7567807,767672,444474,6355661,"walcl@2024-02-28,tga@2024-02-28"
2024-03-06,7538857,760550,456847,6321460,"walcl@2024-03-06,tga@2024-03-06"
2024-03-07,7538857,760550,436754,6341553,"walcl@2024-03-06,tga@2024-03-06"
2024-03-08,7538857,760550,444803,6333504,"walcl@2024-03-06,tga@2024-03-06"
2024-03-11,7538857,760550,478728,6299579,"walcl@2024-03-06,tga@2024-03-06"
2024-03-12,7538857,760550,476862,6301445,"walcl@2024-03-06,tga@2024-03-06"
2024-03-13,7541969,748388,521738,6271843,"walcl@2024-03-13,tga@2024-03-13"
2024-03-14,7541969,748388,483573,6310008,"walcl@2024-03-13,tga@2024-03-13"
2024-03-15,7541969,748388,413877,6379704,"walcl@2024-03-13,tga@2024-03-13"
2024-03-18,7541969,748388,440596,6352985,"walcl@2024-03-13,tga@2024-03-13"
2024-03-19,7541969,748388,446978,6346603,"walcl@2024-03-13,tga@2024-03-13"
2024-03-20,7514348,812605,496245,6205498,"walcl@2024-03-20,tga@2024-03-20"
2024-03-21,7514348,812605,460631,6241112,"walcl@2024-03-20,tga@2024-03-20"
2024-03-22,7514348,812605,478531,6223212,"walcl@2024-03-20,tga@2024-03-20"
2024-03-25,7514348,812605,473787,6227956,"walcl@2024-03-20,tga@2024-03-20"
2024-03-26,7514348,812605,496062,6205681,"walcl@2024-03-20,tga@2024-03-20"
2024-03-27,7484739,772260,518357,6194122,"walcl@2024-03-27,tga@2024-03-27"
2024-03-28,7484739,772260,594428,6118051,"walcl@2024-03-27,tga@2024-03-27"
2024-04-01,7484739,772260,441903,6270576,"walcl@2024-03-27,tga@2024-03-27"
2024-04-02,7484739,772260,448424,6264055,"walcl@2024-03-27,tga@2024-03-27"
2024-04-03,7439558,732828,436631,6270099,"walcl@2024-04-03,tga@2024-04-03"
2024-04-04,7439558,732828,438764,6267966,"walcl@2024-04-03,tga@2024-04-03"
2024-04-05,7439558,732828,438319,6268411,"walcl@2024-04-03,tga@2024-04-03"
2024-04-08,7439558,732828,448597,6258133,"walcl@2024-04-03,tga@2024-04-03"
2024-04-09,7439558,732828,441792,6264938,"walcl@2024-04-03,tga@2024-04-03"
2024-04-10,7438176,672537,445816,6319823,"walcl@2024-04-10,tga@2024-04-10"
2024-04-11,7438176,672537,455361,6310278,"walcl@2024-04-10,tga@2024-04-10"
2024-04-12,7438176,672537,407322,6358317,"walcl@2024-04-10,tga@2024-04-10"
2024-04-15,7438176,672537,327066,6438573,"walcl@2024-04-10,tga@2024-04-10"
2024-04-16,7438176,672537,371554,6394085,"walcl@2024-04-10,tga@2024-04-10"
2024-04-17,7405506,929932,440508,6035066,"walcl@2024-04-17,tga@2024-04-17"
2024-04-18,7405506,929932,433006,6042568,"walcl@2024-04-17,tga@2024-04-17"
2024-04-19,7405506,929932,397234,6078340,"walcl@2024-04-17,tga@2024-04-17"
2024-04-22,7405506,929932,409816,6065758,"walcl@2024-04-17,tga@2024-04-17"
2024-04-23,7405506,929932,435880,6039694,"walcl@2024-04-17,tga@2024-04-17"
2024-04-24,7402434,929379,441215,6031840,"walcl@2024-04-24,tga@2024-04-24"
2024-04-25,7402434,929379,443928,6029127,"walcl@2024-04-24,tga@2024-04-24"
2024-04-26,7402434,929379,464912,6008143,"walcl@2024-04-24,tga@2024-04-24"
2024-04-29,7402434,929379,505530,5967525,"walcl@2024-04-24,tga@2024-04-24"
2024-04-30,7402434,929379,534234,5938821,"walcl@2024-04-24,tga@2024-04-24"
2024-05-01,7362474,890442,438148,6033884,"walcl@2024-05-01,tga@2024-05-01"
2024-05-02,7362474,890442,428680,6043352,"walcl@2024-05-01,tga@2024-05-01"
2024-05-03,7362474,890442,450165,6021867,"walcl@2024-05-01,tga@2024-05-01"
2024-05-06,7362474,890442,468970,6003062,"walcl@2024-05-01,tga@2024-05-01"
2024-05-07,7362474,890442,475325,5996707,"walcl@2024-05-01,tga@2024-05-01"
2024-05-08,7353408,816809,493427,6043172,"walcl@2024-05-08,tga@2024-05-08"
2024-05-09,7353408,816809,458550,6078049,"walcl@2024-05-08,tga@2024-05-08"
2024-05-10,7353408,816809,486434,6050165,"walcl@2024-05-08,tga@2024-05-08"
2024-05-13,7353408,816809,492068,6044531,"walcl@2024-05-08,tga@2024-05-08"
2024-05-14,7353408,816809,468344,6068255,"walcl@2024-05-08,tga@2024-05-08"
2024-05-15,7304272,706108,443779,6154385,"walcl@2024-05-15,tga@2024-05-15"
2024-05-16,7304272,706108,410121,6188043,"walcl@2024-05-15,tga@2024-05-15"
2024-05-17,7304272,706108,449373,6148791,"walcl@2024-05-15,tga@2024-05-15"
2024-05-20,7304272,706108,489728,6108436,"walcl@2024-05-15,tga@2024-05-15"
2024-05-21,7304272,706108,491720,6106444,"walcl@2024-05-15,tga@2024-05-15"
2024-05-22,7299566,710882,496382,6092302,"walcl@2024-05-22,tga@2024-05-22"
2024-05-23,7299566,710882,467398,6121286,"walcl@2024-05-22,tga@2024-05-22"
2024-05-24,7299566,710882,431239,6157445,"walcl@2024-05-22,tga@2024-05-22"
2024-05-28,7299566,710882,417836,6170848,"walcl@2024-05-22,tga@2024-05-22"
2024-05-29,7284319,716020,459314,6108985,"walcl@2024-05-29,tga@2024-05-29"
2024-05-30,7284319,716020,452034,6116265,"walcl@2024-05-29,tga@2024-05-29"
2024-05-31,7284319,716020,439806,6128493,"walcl@2024-05-29,tga@2024-05-29"
2024-06-03,7284319,716020,387069,6181230,"walcl@2024-05-29,tga@2024-05-29"
2024-06-04,7284319,716020,377825,6190474,"walcl@2024-05-29,tga@2024-05-29"
2024-06-05,7255687,703314,371841,6180532,"walcl@2024-06-05,tga@2024-06-05"
2024-06-06,7255687,703314,378125,6174248,"walcl@2024-06-05,tga@2024-06-05"
2024-06-07,7255687,703314,395462,6156911,"walcl@2024-06-05,tga@2024-06-05"
2024-06-10,7255687,703314,416481,6135892,"walcl@2024-06-05,tga@2024-06-05"
2024-06-11,7255687,703314,410449,6141924,"walcl@2024-06-05,tga@2024-06-05"
2024-06-12,7258974,650212,447574,6161188,"walcl@2024-06-12,tga@2024-06-12"
2024-06-13,7258974,650212,429864,6178898,"walcl@2024-06-12,tga@2024-06-12"
2024-06-14,7258974,650212,386885,6221877,"walcl@2024-06-12,tga@2024-06-12"
2024-06-17,7258974,650212,333429,6275333,"walcl@2024-06-12,tga@2024-06-12"
2024-06-18,7258974,650212,375542,6233220,"walcl@2024-06-12,tga@2024-06-12"
2024-06-20,7252542,782158,388841,6081543,"walcl@2024-06-19,tga@2024-06-19"
2024-06-21,7252542,782158,421040,6049344,"walcl@2024-06-19,tga@2024-06-19"
2024-06-24,7252542,782158,435916,6034468,"walcl@2024-06-19,tga@2024-06-19"
2024-06-25,7252542,782158,466310,6004074,"walcl@2024-06-19,tga@2024-06-19"
2024-06-26,7231163,744206,490156,5996801,"walcl@2024-06-26,tga@2024-06-26"
2024-06-27,7231163,744206,531692,5955265,"walcl@2024-06-26,tga@2024-06-26"
2024-06-28,7231163,744206,664570,5822387,"walcl@2024-06-26,tga@2024-06-26"
2024-07-01,7231163,744206,451783,6035174,"walcl@2024-06-26,tga@2024-06-26"
2024-07-02,7231163,744206,443369,6043588,"walcl@2024-06-26,tga@2024-06-26"
2024-07-03,7221520,745608,425898,6050014,"walcl@2024-07-03,tga@2024-07-03"
2024-07-05,7221520,745608,390632,6085280,"walcl@2024-07-03,tga@2024-07-03"
2024-07-08,7221520,745608,415257,6060655,"walcl@2024-07-03,tga@2024-07-03"
2024-07-09,7221520,745608,423152,6052760,"walcl@2024-07-03,tga@2024-07-03"
2024-07-10,7224079,722328,422147,6079604,"walcl@2024-07-10,tga@2024-07-10"
2024-07-11,7224079,722328,403708,6098043,"walcl@2024-07-10,tga@2024-07-10"
2024-07-12,7224079,722328,406590,6095161,"walcl@2024-07-10,tga@2024-07-10"
2024-07-15,7224079,722328,413280,6088471,"walcl@2024-07-10,tga@2024-07-10"
2024-07-16,7224079,722328,409594,6092157,"walcl@2024-07-10,tga@2024-07-10"
2024-07-17,7208247,766779,399401,6042067,"walcl@2024-07-17,tga@2024-07-17"
2024-07-18,7208247,766779,391652,6049816,"walcl@2024-07-17,tga@2024-07-17"
2024-07-19,7208247,766779,379801,6061667,"walcl@2024-07-17,tga@2024-07-17"
2024-07-22,7208247,766779,395901,6045567,"walcl@2024-07-17,tga@2024-07-17"
2024-07-23,7208247,766779,389837,6051631,"walcl@2024-07-17,tga@2024-07-17"
2024-07-24,7205455,767419,399121,6038915,"walcl@2024-07-24,tga@2024-07-24"
2024-07-25,7205455,767419,377433,6060603,"walcl@2024-07-24,tga@2024-07-24"
2024-07-26,7205455,767419,381257,6056779,"walcl@2024-07-24,tga@2024-07-24"
2024-07-29,7205455,767419,385281,6052755,"walcl@2024-07-24,tga@2024-07-24"
2024-07-30,7205455,767419,367054,6070982,"walcl@2024-07-24,tga@2024-07-24"
2024-07-31,7178391,854001,413200,5911190,"walcl@2024-07-31,tga@2024-07-31"
2024-08-01,7178391,854001,348885,5975505,"walcl@2024-07-31,tga@2024-07-31"
2024-08-02,7178391,854001,338473,5985917,"walcl@2024-07-31,tga@2024-07-31"
2024-08-05,7178391,854001,316246,6008144,"walcl@2024-07-31,tga@2024-07-31"
2024-08-06,7178391,854001,291958,6032432,"walcl@2024-07-31,tga@2024-07-31"
2024-08-07,7175256,785233,286660,6103363,"walcl@2024-08-07,tga@2024-08-07"
2024-08-08,7175256,785233,303159,6086864,"walcl@2024-08-07,tga@2024-08-07"
2024-08-09,7175256,785233,312198,6077825,"walcl@2024-08-07,tga@2024-08-07"
2024-08-12,7175256,785233,328641,6061382,"walcl@2024-08-07,tga@2024-08-07"
2024-08-13,7175256,785233,324494,6065529,"walcl@2024-08-07,tga@2024-08-07"
2024-08-14,7177688,788823,328472,6060393,"walcl@2024-08-14,tga@2024-08-14"
2024-08-15,7177688,788823,307141,6081724,"walcl@2024-08-14,tga@2024-08-14"
2024-08-16,7177688,788823,330317,6058548,"walcl@2024-08-14,tga@2024-08-14"
2024-08-19,7177688,788823,333583,6055282,"walcl@2024-08-14,tga@2024-08-14"
2024-08-20,7177688,788823,310819,6078046,"walcl@2024-08-14,tga@2024-08-14"
2024-08-21,7139952,734727,321329,6083896,"walcl@2024-08-21,tga@2024-08-21"
2024-08-22,7139952,734727,316777,6088448,"walcl@2024-08-21,tga@2024-08-21"
2024-08-23,7139952,734727,312896,6092329,"walcl@2024-08-21,tga@2024-08-21"
2024-08-26,7139952,734727,353557,6051668,"walcl@2024-08-21,tga@2024-08-21"
2024-08-27,7139952,734727,344045,6061180,"walcl@2024-08-21,tga@2024-08-21"
2024-08-28,7123238,757077,388890,5977271,"walcl@2024-08-28,tga@2024-08-28"
2024-08-29,7123238,757077,383434,5982727,"walcl@2024-08-28,tga@2024-08-28"
2024-08-30,7123238,757077,433130,5933031,"walcl@2024-08-28,tga@2024-08-28"
2024-09-03,7123238,757077,349808,6016353,"walcl@2024-08-28,tga@2024-08-28"
2024-09-04,7112567,771047,337312,6004208,"walcl@2024-09-04,tga@2024-09-04"
2024-09-05,7112567,771047,291091,6050429,"walcl@2024-09-04,tga@2024-09-04"
2024-09-06,7112567,771047,299271,6042249,"walcl@2024-09-04,tga@2024-09-04"
2024-09-09,7112567,771047,292158,6049362,"walcl@2024-09-04,tga@2024-09-04"
2024-09-10,7112567,771047,281392,6060128,"walcl@2024-09-04,tga@2024-09-04"
2024-09-11,7115001,725577,279215,6110209,"walcl@2024-09-11,tga@2024-09-11"
2024-09-12,7115001,725577,294464,6094960,"walcl@2024-09-11,tga@2024-09-11"
2024-09-13,7115001,725577,284951,6104473,"walcl@2024-09-11,tga@2024-09-11"
2024-09-16,7115001,725577,239386,6150038,"walcl@2024-09-11,tga@2024-09-11"
2024-09-17,7115001,725577,256337,6133087,"walcl@2024-09-11,tga@2024-09-11"
2024-09-18,7109137,839398,305831,5963908,"walcl@2024-09-18,tga@2024-09-18"
2024-09-19,7109137,839398,311777,5957962,"walcl@2024-09-18,tga@2024-09-18"
2024-09-20,7109137,839398,339316,5930423,"walcl@2024-09-18,tga@2024-09-18"
2024-09-23,7109137,839398,380372,5889367,"walcl@2024-09-18,tga@2024-09-18"
2024-09-24,7109137,839398,388977,5880762,"walcl@2024-09-18,tga@2024-09-18"
2024-09-25,7080059,778910,416193,5884956,"walcl@2024-09-25,tga@2024-09-25"
2024-09-26,7080059,778910,424916,5876233,"walcl@2024-09-25,tga@2024-09-25"
2024-09-27,7080059,778910,436518,5864631,"walcl@2024-09-25,tga@2024-09-25"
2024-09-30,7080059,778910,465638,5835511,"walcl@2024-09-25,tga@2024-09-25"
2024-10-01,7080059,778910,375221,5925928,"walcl@2024-09-25,tga@2024-09-25"
2024-10-02,7046925,823412,383398,5840115,"walcl@2024-10-02,tga@2024-10-02"
2024-10-03,7046925,823412,341248,5882265,"walcl@2024-10-02,tga@2024-10-02"
2024-10-04,7046925,823412,330012,5893501,"walcl@2024-10-02,tga@2024-10-02"
2024-10-07,7046925,823412,322948,5900565,"walcl@2024-10-02,tga@2024-10-02"
2024-10-08,7046925,823412,325355,5898158,"walcl@2024-10-02,tga@2024-10-02"
2024-10-09,7046840,787395,343448,5915997,"walcl@2024-10-09,tga@2024-10-09"
2024-10-10,7046840,787395,322587,5936858,"walcl@2024-10-09,tga@2024-10-09"
2024-10-11,7046840,787395,331735,5927710,"walcl@2024-10-09,tga@2024-10-09"
2024-10-15,7046840,787395,286398,5973047,"walcl@2024-10-09,tga@2024-10-09"
2024-10-16,7039284,814751,272028,5952505,"walcl@2024-10-16,tga@2024-10-16"
2024-10-17,7039284,814751,262210,5962323,"walcl@2024-10-16,tga@2024-10-16"
2024-10-18,7039284,814751,259892,5964641,"walcl@2024-10-16,tga@2024-10-16"
2024-10-21,7039284,814751,261044,5963489,"walcl@2024-10-16,tga@2024-10-16"
2024-10-22,7039284,814751,237760,5986773,"walcl@2024-10-16,tga@2024-10-16"
2024-10-23,7029408,817410,270839,5941159,"walcl@2024-10-23,tga@2024-10-23"
2024-10-24,7029408,817410,202798,6009200,"walcl@2024-10-23,tga@2024-10-23"
2024-10-25,7029408,817410,227000,5984998,"walcl@2024-10-23,tga@2024-10-23"
2024-10-28,7029408,817410,251032,5960966,"walcl@2024-10-23,tga@2024-10-23"
2024-10-29,7029408,817410,244841,5967157,"walcl@2024-10-23,tga@2024-10-23"
2024-10-30,7013490,847137,228946,5937407,"walcl@2024-10-30,tga@2024-10-30"
2024-10-31,7013490,847137,201278,5965075,"walcl@2024-10-30,tga@2024-10-30"
2024-11-01,7013490,847137,155476,6010877,"walcl@2024-10-30,tga@2024-10-30"
2024-11-04,7013490,847137,171885,5994468,"walcl@2024-10-30,tga@2024-10-30"
2024-11-05,7013490,847137,144243,6022110,"walcl@2024-10-30,tga@2024-10-30"
2024-11-06,6994299,840227,177871,5976201,"walcl@2024-11-06,tga@2024-11-06"
2024-11-07,6994299,840227,159002,5995070,"walcl@2024-11-06,tga@2024-11-06"
2024-11-08,6994299,840227,163621,5990451,"walcl@2024-11-06,tga@2024-11-06"
2024-11-12,6994299,840227,178814,5975258,"walcl@2024-11-06,tga@2024-11-06"
2024-11-13,6967108,808857,238106,5920145,"walcl@2024-11-13,tga@2024-11-13"
2024-11-14,6967108,808857,214509,5943742,"walcl@2024-11-13,tga@2024-11-13"
2024-11-15,6967108,808857,172400,5985851,"walcl@2024-11-13,tga@2024-11-13"
2024-11-18,6967108,808857,200030,5958221,"walcl@2024-11-13,tga@2024-11-13"
2024-11-19,6967108,808857,200664,5957587,"walcl@2024-11-13,tga@2024-11-13"
2024-11-20,6923731,737834,217793,5968104,"walcl@2024-11-20,tga@2024-11-20"
2024-11-21,6923731,737834,188567,5997330,"walcl@2024-11-20,tga@2024-11-20"
2024-11-22,6923731,737834,204254,5981643,"walcl@2024-11-20,tga@2024-11-20"
2024-11-25,6923731,737834,186749,5999148,"walcl@2024-11-20,tga@2024-11-20"
2024-11-26,6923731,737834,148823,6037074,"walcl@2024-11-20,tga@2024-11-20"
2024-11-27,6905140,782704,169815,5952621,"walcl@2024-11-27,tga@2024-11-27"
2024-11-29,6905140,782704,197627,5924809,"walcl@2024-11-27,tga@2024-11-27"
2024-12-02,6905140,782704,135858,5986578,"walcl@2024-11-27,tga@2024-11-27"
2024-12-03,6905140,782704,161572,5960864,"walcl@2024-11-27,tga@2024-11-27"
2024-12-04,6895827,815011,162866,5917950,"walcl@2024-12-04,tga@2024-12-04"
2024-12-05,6895827,815011,131964,5948852,"walcl@2024-12-04,tga@2024-12-04"
2024-12-06,6895827,815011,130014,5950802,"walcl@2024-12-04,tga@2024-12-04"
2024-12-09,6895827,815011,153029,5927787,"walcl@2024-12-04,tga@2024-12-04"
2024-12-10,6895827,815011,174842,5905974,"walcl@2024-12-04,tga@2024-12-04"
2024-12-11,6897485,711354,180120,6006011,"walcl@2024-12-11,tga@2024-12-11"
2024-12-12,6897485,711354,165025,6021106,"walcl@2024-12-11,tga@2024-12-11"
2024-12-13,6897485,711354,135777,6050354,"walcl@2024-12-11,tga@2024-12-11"
2024-12-16,6897485,711354,110753,6075378,"walcl@2024-12-11,tga@2024-12-11"
2024-12-17,6897485,711354,118093,6068038,"walcl@2024-12-11,tga@2024-12-11"
2024-12-18,6889332,803975,131651,5953706,"walcl@2024-12-18,tga@2024-12-18"
2024-12-19,6889332,803975,112417,5972940,"walcl@2024-12-18,tga@2024-12-18"
2024-12-20,6889332,803975,98356,5987001,"walcl@2024-12-18,tga@2024-12-18"
2024-12-23,6889332,803975,116004,5969353,"walcl@2024-12-18,tga@2024-12-18"
2024-12-24,6889332,803975,180989,5904368,"walcl@2024-12-18,tga@2024-12-18"
2024-12-26,6885963,735039,196818,5954106,"walcl@2024-12-25,tga@2024-12-25"
2024-12-27,6885963,735039,268739,5882185,"walcl@2024-12-25,tga@2024-12-25"
2024-12-30,6885963,735039,260743,5890181,"walcl@2024-12-25,tga@2024-12-25"
2024-12-31,6885963,735039,473460,5677464,"walcl@2024-12-25,tga@2024-12-25"
2025-01-02,6852491,721892,239858,5890741,"walcl@2025-01-01,tga@2025-01-01"
2025-01-03,6852491,721892,237377,5893222,"walcl@2025-01-01,tga@2025-01-01"
2025-01-06,6852491,721892,231926,5898673,"walcl@2025-01-01,tga@2025-01-01"
2025-01-07,6852491,721892,208296,5922303,"walcl@2025-01-01,tga@2025-01-01"
2025-01-08,6853554,620531,185144,6047879,"walcl@2025-01-08,tga@2025-01-08"
2025-01-09,6853554,620531,168225,6064798,"walcl@2025-01-08,tga@2025-01-08"
2025-01-10,6853554,620531,178800,6054223,"walcl@2025-01-08,tga@2025-01-08"
2025-01-13,6853554,620531,183669,6049354,"walcl@2025-01-08,tga@2025-01-08"
2025-01-14,6853554,620531,160219,6072804,"walcl@2025-01-08,tga@2025-01-08"
2025-01-15,6834070,651187,119977,6062906,"walcl@2025-01-15,tga@2025-01-15"
2025-01-16,6834070,651187,94489,6088394,"walcl@2025-01-15,tga@2025-01-15"
2025-01-17,6834070,651187,118327,6064556,"walcl@2025-01-15,tga@2025-01-15"
2025-01-21,6834070,651187,96015,6086868,"walcl@2025-01-15,tga@2025-01-15"
2025-01-22,6831760,665485,123981,6042294,"walcl@2025-01-22,tga@2025-01-22"
2025-01-23,6831760,665485,132031,6034244,"walcl@2025-01-22,tga@2025-01-22"
2025-01-24,6831760,665485,104972,6061303,"walcl@2025-01-22,tga@2025-01-22"
2025-01-27,6831760,665485,92863,6073412,"walcl@2025-01-22,tga@2025-01-22"
2025-01-28,6831760,665485,112760,6053515,"walcl@2025-01-22,tga@2025-01-22"
2025-01-29,6818186,811549,121842,5884795,"walcl@2025-01-29,tga@2025-01-29"
2025-01-30,6818186,811549,125965,5880672,"walcl@2025-01-29,tga@2025-01-29"
2025-01-31,6818186,811549,187913,5818724,"walcl@2025-01-29,tga@2025-01-29"
2025-02-03,6818186,811549,97781,5908856,"walcl@2025-01-29,tga@2025-01-29"
2025-02-04,6818186,811549,85654,5920983,"walcl@2025-01-29,tga@2025-01-29"
2025-02-05,6810935,817953,78788,5914194,"walcl@2025-02-05,tga@2025-02-05"
2025-02-06,6810935,817953,79983,5912999,"walcl@2025-02-05,tga@2025-02-05"
2025-02-07,6810935,817953,95248,5897734,"walcl@2025-02-05,tga@2025-02-05"
2025-02-10,6810935,817953,99653,5893329,"walcl@2025-02-05,tga@2025-02-05"
2025-02-11,6810935,817953,76446,5916536,"walcl@2025-02-05,tga@2025-02-05"
2025-02-12,6813513,809154,67670,5936689,"walcl@2025-02-12,tga@2025-02-12"
2025-02-13,6813513,809154,67820,5936539,"walcl@2025-02-12,tga@2025-02-12"
2025-02-14,6813513,809154,58770,5945589,"walcl@2025-02-12,tga@2025-02-12"
2025-02-18,6813513,809154,77817,5926542,"walcl@2025-02-12,tga@2025-02-12"
2025-02-19,6782332,738938,73196,5970198,"walcl@2025-02-19,tga@2025-02-19"
2025-02-20,6782332,738938,63207,5980187,"walcl@2025-02-19,tga@2025-02-19"
2025-02-21,6782332,738938,68983,5974411,"walcl@2025-02-19,tga@2025-02-19"
2025-02-24,6782332,738938,76818,5966576,"walcl@2025-02-19,tga@2025-02-19"
2025-02-25,6782332,738938,96000,5947394,"walcl@2025-02-19,tga@2025-02-19"
2025-02-26,6766101,568550,126058,6071493,"walcl@2025-02-26,tga@2025-02-26"
2025-02-27,6766101,568550,182148,6015403,"walcl@2025-02-26,tga@2025-02-26"
2025-02-28,6766101,568550,234422,5963129,"walcl@2025-02-26,tga@2025-02-26"
2025-03-03,6766101,568550,119987,6077564,"walcl@2025-02-26,tga@2025-02-26"
2025-03-04,6766101,568550,135257,6062294,"walcl@2025-02-26,tga@2025-02-26"
2025-03-05,6756764,522818,139493,6094453,"walcl@2025-03-05,tga@2025-03-05"
2025-03-06,6756764,522818,129269,6104677,"walcl@2025-03-05,tga@2025-03-05"
2025-03-07,6756764,522818,136305,6097641,"walcl@2025-03-05,tga@2025-03-05"
2025-03-10,6756764,522818,129054,6104892,"walcl@2025-03-05,tga@2025-03-05"
2025-03-11,6756764,522818,137310,6096636,"walcl@2025-03-05,tga@2025-03-05"
2025-03-12,6759571,450713,131055,6177803,"walcl@2025-03-12,tga@2025-03-12"
2025-03-13,6759571,450713,113435,6195423,"walcl@2025-03-12,tga@2025-03-12"
2025-03-14,6759571,450713,126234,6182624,"walcl@2025-03-12,tga@2025-03-12"
2025-03-17,6759571,450713,89496,6219362,"walcl@2025-03-12,tga@2025-03-12"
2025-03-18,6759571,450713,149503,6159355,"walcl@2025-03-12,tga@2025-03-12"
2025-03-19,6755982,415799,193378,6146805,"walcl@2025-03-19,tga@2025-03-19"
2025-03-20,6755982,415799,192640,6147543,"walcl@2025-03-19,tga@2025-03-19"
2025-03-21,6755982,415799,200850,6139333,"walcl@2025-03-19,tga@2025-03-19"
2025-03-24,6755982,415799,196565,6143618,"walcl@2025-03-19,tga@2025-03-19"
2025-03-25,6755982,415799,214786,6125397,"walcl@2025-03-19,tga@2025-03-19"
2025-03-26,6740253,315970,241371,6182912,"walcl@2025-03-26,tga@2025-03-26"
2025-03-27,6740253,315970,291785,6132498,"walcl@2025-03-26,tga@2025-03-26"
2025-03-28,6740253,315970,286575,6137708,"walcl@2025-03-26,tga@2025-03-26"
2025-03-31,6740253,315970,399167,6025116,"walcl@2025-03-26,tga@2025-03-26"
2025-04-01,6740253,315970,230063,6194220,"walcl@2025-03-26,tga@2025-03-26"
2025-04-02,6723452,301624,233488,6188340,"walcl@2025-04-02,tga@2025-04-02"
2025-04-03,6723452,301624,196265,6225563,"walcl@2025-04-02,tga@2025-04-02"
2025-04-04,6723452,301624,184499,6237329,"walcl@2025-04-02,tga@2025-04-02"
2025-04-07,6723452,301624,148146,6273682,"walcl@2025-04-02,tga@2025-04-02"
2025-04-08,6723452,301624,156911,6264917,"walcl@2025-04-02,tga@2025-04-02"
2025-04-09,6727416,315189,168115,6244112,"walcl@2025-04-09,tga@2025-04-09"
2025-04-10,6727416,315189,129950,6282277,"walcl@2025-04-09,tga@2025-04-09"
2025-04-11,6727416,315189,98531,6313696,"walcl@2025-04-09,tga@2025-04-09"
2025-04-14,6727416,315189,102838,6309389,"walcl@2025-04-09,tga@2025-04-09"
2025-04-15,6727416,315189,88878,6323349,"walcl@2025-04-09,tga@2025-04-09"
2025-04-16,6727113,638783,54772,6033558,"walcl@2025-04-16,tga@2025-04-16"
2025-04-17,6727113,638783,58600,6029730,"walcl@2025-04-16,tga@2025-04-16"
2025-04-21,6727113,638783,114114,5974216,"walcl@2025-04-16,tga@2025-04-16"
2025-04-22,6727113,638783,137951,5950379,"walcl@2025-04-16,tga@2025-04-16"
2025-04-23,6726930,576159,171780,5978991,"walcl@2025-04-23,tga@2025-04-23"
2025-04-24,6726930,576159,130004,6020767,"walcl@2025-04-23,tga@2025-04-23"
2025-04-25,6726930,576159,94021,6056750,"walcl@2025-04-23,tga@2025-04-23"
2025-04-28,6726930,576159,148649,6002122,"walcl@2025-04-23,tga@2025-04-23"
2025-04-29,6726930,576159,157537,5993234,"walcl@2025-04-23,tga@2025-04-23"
2025-04-30,6709277,677657,250601,5781019,"walcl@2025-04-30,tga@2025-04-30"
2025-05-01,6709277,677657,157353,5874267,"walcl@2025-04-30,tga@2025-04-30"
2025-05-02,6709277,677657,147882,5883738,"walcl@2025-04-30,tga@2025-04-30"
2025-05-05,6709277,677657,124690,5906930,"walcl@2025-04-30,tga@2025-04-30"
2025-05-06,6709277,677657,129858,5901762,"walcl@2025-04-30,tga@2025-04-30"
2025-05-07,6710889,595860,154859,5960170,"walcl@2025-05-07,tga@2025-05-07"
2025-05-08,6710889,595860,139768,5975261,"walcl@2025-05-07,tga@2025-05-07"
2025-05-09,6710889,595860,142272,5972757,"walcl@2025-05-07,tga@2025-05-07"
2025-05-12,6710889,595860,147505,5967524,"walcl@2025-05-07,tga@2025-05-07"
2025-05-13,6710889,595860,144214,5970815,"walcl@2025-05-07,tga@2025-05-07"
2025-05-14,6713270,562433,165024,5985813,"walcl@2025-05-14,tga@2025-05-14"
2025-05-15,6713270,562433,109436,6041401,"walcl@2025-05-14,tga@2025-05-14"
2025-05-16,6713270,562433,136799,6014038,"walcl@2025-05-14,tga@2025-05-14"
2025-05-19,6713270,562433,180417,5970420,"walcl@2025-05-14,tga@2025-05-14"
2025-05-20,6713270,562433,136033,6014804,"walcl@2025-05-14,tga@2025-05-14"
2025-05-21,6688726,475886,162802,6050038,"walcl@2025-05-21,tga@2025-05-21"
2025-05-22,6688726,475886,173018,6039822,"walcl@2025-05-21,tga@2025-05-21"
2025-05-23,6688726,475886,154841,6057999,"walcl@2025-05-21,tga@2025-05-21"
2025-05-27,6688726,475886,138066,6074774,"walcl@2025-05-21,tga@2025-05-21"
2025-05-28,6673244,436627,173641,6062976,"walcl@2025-05-28,tga@2025-05-28"
2025-05-29,6673244,436627,165660,6070957,"walcl@2025-05-28,tga@2025-05-28"
2025-05-30,6673244,436627,315657,5920960,"walcl@2025-05-28,tga@2025-05-28"
2025-06-02,6673244,436627,135841,6100776,"walcl@2025-05-28,tga@2025-05-28"
2025-06-03,6673244,436627,153177,6083440,"walcl@2025-05-28,tga@2025-05-28"
2025-06-04,6672885,376160,168882,6127843,"walcl@2025-06-04,tga@2025-06-04"
2025-06-05,6672885,376160,152727,6143998,"walcl@2025-06-04,tga@2025-06-04"
2025-06-06,6672885,376160,149284,6147441,"walcl@2025-06-04,tga@2025-06-04"
2025-06-09,6672885,376160,179315,6117410,"walcl@2025-06-04,tga@2025-06-04"
2025-06-10,6672885,376160,182725,6114000,"walcl@2025-06-04,tga@2025-06-04"
2025-06-11,6677155,277025,204625,6195505,"walcl@2025-06-11,tga@2025-06-11"
2025-06-12,6677155,277025,181417,6218713,"walcl@2025-06-11,tga@2025-06-11"
2025-06-13,6677155,277025,168645,6231485,"walcl@2025-06-11,tga@2025-06-11"
2025-06-16,6677155,277025,140759,6259371,"walcl@2025-06-11,tga@2025-06-11"
2025-06-17,6677155,277025,168939,6231191,"walcl@2025-06-11,tga@2025-06-11"
2025-06-18,6681056,383851,205050,6092155,"walcl@2025-06-18,tga@2025-06-18"
2025-06-20,6681056,383851,138283,6158922,"walcl@2025-06-18,tga@2025-06-18"
2025-06-23,6681056,383851,165319,6131886,"walcl@2025-06-18,tga@2025-06-18"
2025-06-24,6681056,383851,187367,6109838,"walcl@2025-06-18,tga@2025-06-18"
2025-06-25,6662200,334579,210879,6116742,"walcl@2025-06-25,tga@2025-06-25"
2025-06-26,6662200,334579,252432,6075189,"walcl@2025-06-25,tga@2025-06-25"
2025-06-27,6662200,334579,285742,6041879,"walcl@2025-06-25,tga@2025-06-25"
2025-06-30,6662200,334579,460731,5866890,"walcl@2025-06-25,tga@2025-06-25"
2025-07-01,6662200,334579,245530,6082091,"walcl@2025-06-25,tga@2025-06-25"
2025-07-02,6659598,372232,237307,6050059,"walcl@2025-07-02,tga@2025-07-02"
2025-07-03,6659598,372232,214665,6072701,"walcl@2025-07-02,tga@2025-07-02"
2025-07-07,6659598,372232,218030,6069336,"walcl@2025-07-02,tga@2025-07-02"
2025-07-08,6659598,372232,219415,6067951,"walcl@2025-07-02,tga@2025-07-02"
2025-07-09,6661912,311048,227273,6123591,"walcl@2025-07-09,tga@2025-07-09"
2025-07-10,6661912,311048,183339,6167525,"walcl@2025-07-09,tga@2025-07-09"
2025-07-11,6661912,311048,181637,6169227,"walcl@2025-07-09,tga@2025-07-09"
2025-07-14,6661912,311048,217841,6133023,"walcl@2025-07-09,tga@2025-07-09"
2025-07-15,6661912,311048,198277,6152587,"walcl@2025-07-09,tga@2025-07-09"
2025-07-16,6659273,312085,197086,6150102,"walcl@2025-07-16,tga@2025-07-16"
2025-07-17,6659273,312085,193660,6153528,"walcl@2025-07-16,tga@2025-07-16"
2025-07-18,6659273,312085,199298,6147890,"walcl@2025-07-16,tga@2025-07-16"
2025-07-21,6659273,312085,213666,6133522,"walcl@2025-07-16,tga@2025-07-16"
2025-07-22,6659273,312085,196374,6150814,"walcl@2025-07-16,tga@2025-07-16"
2025-07-23,6657715,333538,189632,6134545,"walcl@2025-07-23,tga@2025-07-23"
2025-07-24,6657715,333538,132186,6191991,"walcl@2025-07-23,tga@2025-07-23"
2025-07-25,6657715,333538,150509,6173668,"walcl@2025-07-23,tga@2025-07-23"
2025-07-28,6657715,333538,170463,6153714,"walcl@2025-07-23,tga@2025-07-23"
2025-07-29,6657715,333538,171018,6153159,"walcl@2025-07-23,tga@2025-07-23"
2025-07-30,6642578,419446,155481,6067651,"walcl@2025-07-30,tga@2025-07-30"
2025-07-31,6642578,419446,214445,6008687,"walcl@2025-07-30,tga@2025-07-30"
2025-08-01,6642578,419446,97426,6125706,"walcl@2025-07-30,tga@2025-07-30"
2025-08-04,6642578,419446,125730,6097402,"walcl@2025-07-30,tga@2025-07-30"
2025-08-05,6642578,419446,84356,6138776,"walcl@2025-07-30,tga@2025-07-30"
2025-08-06,6640843,464315,91966,6084562,"walcl@2025-08-06,tga@2025-08-06"
2025-08-07,6640843,464315,77961,6098567,"walcl@2025-08-06,tga@2025-08-06"
2025-08-08,6640843,464315,80303,6096225,"walcl@2025-08-06,tga@2025-08-06"
2025-08-11,6640843,464315,82214,6094314,"walcl@2025-08-06,tga@2025-08-06"
2025-08-12,6640843,464315,57492,6119036,"walcl@2025-08-06,tga@2025-08-06"
2025-08-13,6643615,515469,57202,6070944,"walcl@2025-08-13,tga@2025-08-13"
2025-08-14,6643615,515469,28818,6099328,"walcl@2025-08-13,tga@2025-08-13"
2025-08-15,6643615,515469,33757,6094389,"walcl@2025-08-13,tga@2025-08-13"
2025-08-18,6643615,515469,38240,6089906,"walcl@2025-08-13,tga@2025-08-13"
2025-08-19,6643615,515469,22344,6105802,"walcl@2025-08-13,tga@2025-08-13"
2025-08-20,6618415,526063,34999,6057353,"walcl@2025-08-20,tga@2025-08-20"
2025-08-21,6618415,526063,25358,6066994,"walcl@2025-08-20,tga@2025-08-20"
2025-08-22,6618415,526063,36275,6056077,"walcl@2025-08-20,tga@2025-08-20"
2025-08-25,6618415,526063,47567,6044785,"walcl@2025-08-20,tga@2025-08-20"
2025-08-26,6618415,526063,28574,6063778,"walcl@2025-08-20,tga@2025-08-20"
2025-08-27,6603384,595798,34744,5972842,"walcl@2025-08-27,tga@2025-08-27"
2025-08-28,6603384,595798,31966,5975620,"walcl@2025-08-27,tga@2025-08-27"
2025-08-29,6603384,595798,77898,5929688,"walcl@2025-08-27,tga@2025-08-27"
2025-09-02,6603384,595798,21066,5986520,"walcl@2025-08-27,tga@2025-08-27"
2025-09-03,6602071,661939,17923,5922209,"walcl@2025-09-03,tga@2025-09-03"
2025-09-04,6602071,661939,20128,5920004,"walcl@2025-09-03,tga@2025-09-03"
2025-09-05,6602071,661939,20997,5919135,"walcl@2025-09-03,tga@2025-09-03"
2025-09-08,6602071,661939,19416,5920716,"walcl@2025-09-03,tga@2025-09-03"
2025-09-09,6602071,661939,22915,5917217,"walcl@2025-09-03,tga@2025-09-03"
2025-09-10,6605962,667585,29400,5908977,"walcl@2025-09-10,tga@2025-09-10"
2025-09-11,6605962,667585,26897,5911480,"walcl@2025-09-10,tga@2025-09-10"
2025-09-12,6605962,667585,17331,5921046,"walcl@2025-09-10,tga@2025-09-10"
2025-09-15,6605962,667585,16954,5921423,"walcl@2025-09-10,tga@2025-09-10"
2025-09-16,6605962,667585,18817,5919560,"walcl@2025-09-10,tga@2025-09-10"
2025-09-17,6608597,807142,13963,5787492,"walcl@2025-09-17,tga@2025-09-17"
2025-09-18,6608597,807142,13707,5787748,"walcl@2025-09-17,tga@2025-09-17"
2025-09-19,6608597,807142,11363,5790092,"walcl@2025-09-17,tga@2025-09-17"
2025-09-22,6608597,807142,14173,5787282,"walcl@2025-09-17,tga@2025-09-17"
2025-09-23,6608597,807142,14402,5787053,"walcl@2025-09-17,tga@2025-09-17"
2025-09-24,6608395,757970,29172,5821253,"walcl@2025-09-24,tga@2025-09-24"
2025-09-25,6608395,757970,25369,5825056,"walcl@2025-09-24,tga@2025-09-24"
2025-09-26,6608395,757970,48073,5802352,"walcl@2025-09-24,tga@2025-09-24"
2025-09-29,6608395,757970,56220,5794205,"walcl@2025-09-24,tga@2025-09-24"
2025-09-30,6608395,757970,49071,5801354,"walcl@2025-09-24,tga@2025-09-24"
2025-10-01,6587119,819378,10179,5757562,"walcl@2025-10-01,tga@2025-10-01"
2025-10-02,6587119,819378,8436,5759305,"walcl@2025-10-01,tga@2025-10-01"
2025-10-03,6587119,819378,25392,5742349,"walcl@2025-10-01,tga@2025-10-01"
2025-10-06,6587119,819378,21776,5745965,"walcl@2025-10-01,tga@2025-10-01"
2025-10-07,6587119,819378,4622,5763119,"walcl@2025-10-01,tga@2025-10-01"
2025-10-08,6590815,794054,5231,5791530,"walcl@2025-10-08,tga@2025-10-08"
2025-10-09,6590815,794054,4496,5792265,"walcl@2025-10-08,tga@2025-10-08"
2025-10-10,6590815,794054,4124,5792637,"walcl@2025-10-08,tga@2025-10-08"
2025-10-14,6590815,794054,3516,5793245,"walcl@2025-10-08,tga@2025-10-08"
2025-10-15,6596454,851952,5484,5739018,"walcl@2025-10-15,tga@2025-10-15"
2025-10-16,6596454,851952,6960,5737542,"walcl@2025-10-15,tga@2025-10-15"
2025-10-17,6596454,851952,4102,5740400,"walcl@2025-10-15,tga@2025-10-15"
2025-10-20,6596454,851952,5931,5738571,"walcl@2025-10-15,tga@2025-10-15"
2025-10-21,6596454,851952,4699,5739803,"walcl@2025-10-15,tga@2025-10-15"
2025-10-22,6589533,905074,4005,5680454,"walcl@2025-10-22,tga@2025-10-22"
2025-10-23,6589533,905074,6941,5677518,"walcl@2025-10-22,tga@2025-10-22"
2025-10-24,6589533,905074,2435,5682024,"walcl@2025-10-22,tga@2025-10-22"
2025-10-27,6589533,905074,10642,5673817,"walcl@2025-10-22,tga@2025-10-22"
2025-10-28,6589533,905074,14096,5670363,"walcl@2025-10-22,tga@2025-10-22"
2025-10-29,6587034,983859,19504,5583671,"walcl@2025-10-29,tga@2025-10-29"
2025-10-30,6587034,983859,19166,5584009,"walcl@2025-10-29,tga@2025-10-29"
2025-10-31,6587034,983859,51802,5551373,"walcl@2025-10-29,tga@2025-10-29"
2025-11-03,6587034,983859,23792,5579383,"walcl@2025-10-29,tga@2025-10-29"
2025-11-04,6587034,983859,16983,5586192,"walcl@2025-10-29,tga@2025-10-29"
2025-11-05,6572732,942700,12814,5617218,"walcl@2025-11-05,tga@2025-11-05"
2025-11-06,6572732,942700,10754,5619278,"walcl@2025-11-05,tga@2025-11-05"
2025-11-07,6572732,942700,4903,5625129,"walcl@2025-11-05,tga@2025-11-05"
2025-11-10,6572732,942700,7152,5622880,"walcl@2025-11-05,tga@2025-11-05"
2025-11-12,6580462,943145,5886,5631431,"walcl@2025-11-12,tga@2025-11-12"
2025-11-13,6580462,943145,3761,5633556,"walcl@2025-11-12,tga@2025-11-12"
2025-11-14,6580462,943145,1559,5635758,"walcl@2025-11-12,tga@2025-11-12"
2025-11-17,6580462,943145,3172,5634145,"walcl@2025-11-12,tga@2025-11-12"
2025-11-18,6580462,943145,905,5636412,"walcl@2025-11-12,tga@2025-11-12"
2025-11-19,6555283,900832,1129,5653322,"walcl@2025-11-19,tga@2025-11-19"
2025-11-20,6555283,900832,6520,5647931,"walcl@2025-11-19,tga@2025-11-19"
2025-11-21,6555283,900832,2503,5651948,"walcl@2025-11-19,tga@2025-11-19"
2025-11-24,6555283,900832,1077,5653374,"walcl@2025-11-19,tga@2025-11-19"
2025-11-25,6555283,900832,2314,5652137,"walcl@2025-11-19,tga@2025-11-19"
2025-11-26,6552419,899678,2217,5650524,"walcl@2025-11-26,tga@2025-11-26"
2025-11-28,6552419,899678,7561,5645180,"walcl@2025-11-26,tga@2025-11-26"
2025-12-01,6552419,899678,3240,5649501,"walcl@2025-11-26,tga@2025-11-26"
2025-12-02,6552419,899678,5620,5647121,"walcl@2025-11-26,tga@2025-11-26"
2025-12-03,6535781,908523,2514,5624744,"walcl@2025-12-03,tga@2025-12-03"
2025-12-04,6535781,908523,2233,5625025,"walcl@2025-12-03,tga@2025-12-03"
2025-12-05,6535781,908523,1485,5625773,"walcl@2025-12-03,tga@2025-12-03"
2025-12-08,6535781,908523,1703,5625555,"walcl@2025-12-03,tga@2025-12-03"
2025-12-09,6535781,908523,3211,5624047,"walcl@2025-12-03,tga@2025-12-03"
2025-12-10,6539303,805827,5045,5728431,"walcl@2025-12-10,tga@2025-12-10"
2025-12-11,6539303,805827,2874,5730602,"walcl@2025-12-10,tga@2025-12-10"
2025-12-12,6539303,805827,838,5732638,"walcl@2025-12-10,tga@2025-12-10"
2025-12-15,6539303,805827,2601,5730875,"walcl@2025-12-10,tga@2025-12-10"
2025-12-16,6539303,805827,1554,5731922,"walcl@2025-12-10,tga@2025-12-10"
2025-12-17,6556861,861417,10361,5685083,"walcl@2025-12-17,tga@2025-12-17"
2025-12-18,6556861,861417,11708,5683736,"walcl@2025-12-17,tga@2025-12-17"
2025-12-19,6556861,861417,3047,5692397,"walcl@2025-12-17,tga@2025-12-17"
2025-12-22,6556861,861417,1523,5693921,"walcl@2025-12-17,tga@2025-12-17"
2025-12-23,6556861,861417,5893,5689551,"walcl@2025-12-17,tga@2025-12-17"
2025-12-24,6581231,801537,4803,5774891,"walcl@2025-12-24,tga@2025-12-24"
2025-12-26,6581231,801537,20339,5759355,"walcl@2025-12-24,tga@2025-12-24"
2025-12-29,6581231,801537,10551,5769143,"walcl@2025-12-24,tga@2025-12-24"
2025-12-30,6581231,801537,12605,5767089,"walcl@2025-12-24,tga@2025-12-24"
2025-12-31,6640618,872853,105993,5661772,"walcl@2025-12-31,tga@2025-12-31"
2026-01-02,6640618,872853,5667,5762098,"walcl@2025-12-31,tga@2025-12-31"
2026-01-05,6640618,872853,6485,5761280,"walcl@2025-12-31,tga@2025-12-31"
2026-01-06,6640618,872853,2582,5765183,"walcl@2025-12-31,tga@2025-12-31"
2026-01-07,6573602,783571,4582,5785449,"walcl@2026-01-07,tga@2026-01-07"
2026-01-08,6573602,783571,3083,5786948,"walcl@2026-01-07,tga@2026-01-07"
2026-01-09,6573602,783571,3280,5786751,"walcl@2026-01-07,tga@2026-01-07"
2026-01-12,6573602,783571,3402,5786629,"walcl@2026-01-07,tga@2026-01-07"
2026-01-13,6573602,783571,3277,5786754,"walcl@2026-01-07,tga@2026-01-07"
2026-01-14,6581700,777061,3223,5801416,"walcl@2026-01-14,tga@2026-01-14"
2026-01-15,6581700,777061,2003,5802636,"walcl@2026-01-14,tga@2026-01-14"
2026-01-16,6581700,777061,1222,5803417,"walcl@2026-01-14,tga@2026-01-14"
2026-01-20,6581700,777061,3506,5801133,"walcl@2026-01-14,tga@2026-01-14"
2026-01-21,6584580,871169,3344,5710067,"walcl@2026-01-21,tga@2026-01-21"
2026-01-22,6584580,871169,2058,5711353,"walcl@2026-01-21,tga@2026-01-21"
2026-01-23,6584580,871169,927,5712484,"walcl@2026-01-21,tga@2026-01-21"
2026-01-26,6584580,871169,1489,5711922,"walcl@2026-01-21,tga@2026-01-21"
2026-01-27,6584580,871169,1253,5712158,"walcl@2026-01-21,tga@2026-01-21"
2026-01-28,6587568,952705,1103,5633760,"walcl@2026-01-28,tga@2026-01-28"
2026-01-29,6587568,952705,2852,5632011,"walcl@2026-01-28,tga@2026-01-28"
2026-01-30,6587568,952705,9629,5625234,"walcl@2026-01-28,tga@2026-01-28"
2026-02-02,6587568,952705,10415,5624448,"walcl@2026-01-28,tga@2026-01-28"
2026-02-03,6587568,952705,1785,5633078,"walcl@2026-01-28,tga@2026-01-28"
2026-02-04,6605909,907737,2414,5695758,"walcl@2026-02-04,tga@2026-02-04"
2026-02-05,6605909,907737,1748,5696424,"walcl@2026-02-04,tga@2026-02-04"
2026-02-06,6605909,907737,3111,5695061,"walcl@2026-02-04,tga@2026-02-04"
2026-02-09,6605909,907737,1306,5696866,"walcl@2026-02-04,tga@2026-02-04"
2026-02-10,6605909,907737,1447,5696725,"walcl@2026-02-04,tga@2026-02-04"
2026-02-11,6622382,910533,1048,5710801,"walcl@2026-02-11,tga@2026-02-11"
2026-02-12,6622382,910533,2844,5709005,"walcl@2026-02-11,tga@2026-02-11"
2026-02-13,6622382,910533,377,5711472,"walcl@2026-02-11,tga@2026-02-11"
2026-02-17,6622382,910533,441,5711408,"walcl@2026-02-11,tga@2026-02-11"
2026-02-18,6613395,888854,856,5723685,"walcl@2026-02-18,tga@2026-02-18"
2026-02-19,6613395,888854,632,5723909,"walcl@2026-02-18,tga@2026-02-18"
2026-02-20,6613395,888854,496,5724045,"walcl@2026-02-18,tga@2026-02-18"
2026-02-23,6613395,888854,877,5723664,"walcl@2026-02-18,tga@2026-02-18"
2026-02-24,6613395,888854,917,5723624,"walcl@2026-02-18,tga@2026-02-18"
2026-02-25,6613797,838975,1159,5773663,"walcl@2026-02-25,tga@2026-02-25"
2026-02-26,6613797,838975,3796,5771026,"walcl@2026-02-25,tga@2026-02-25"
2026-02-27,6613797,838975,16318,5758504,"walcl@2026-02-25,tga@2026-02-25"
2026-03-02,6613797,838975,627,5774195,"walcl@2026-02-25,tga@2026-02-25"
2026-03-03,6613797,838975,1203,5773619,"walcl@2026-02-25,tga@2026-02-25"
2026-03-04,6628894,846979,877,5781038,"walcl@2026-03-04,tga@2026-03-04"
2026-03-05,6628894,846979,2793,5779122,"walcl@2026-03-04,tga@2026-03-04"
2026-03-06,6628894,846979,1512,5780403,"walcl@2026-03-04,tga@2026-03-04"
2026-03-09,6628894,846979,332,5781583,"walcl@2026-03-04,tga@2026-03-04"
2026-03-10,6628894,846979,278,5781637,"walcl@2026-03-04,tga@2026-03-04"
2026-03-11,6646344,805806,552,5839986,"walcl@2026-03-11,tga@2026-03-11"
2026-03-12,6646344,805806,137,5840401,"walcl@2026-03-11,tga@2026-03-11"
2026-03-13,6646344,805806,427,5840111,"walcl@2026-03-11,tga@2026-03-11"
2026-03-16,6646344,805806,582,5839956,"walcl@2026-03-11,tga@2026-03-11"
2026-03-17,6646344,805806,797,5839741,"walcl@2026-03-11,tga@2026-03-11"
2026-03-18,6655939,875833,698,5779408,"walcl@2026-03-18,tga@2026-03-18"
2026-03-19,6655939,875833,637,5779469,"walcl@2026-03-18,tga@2026-03-18"
2026-03-20,6655939,875833,822,5779284,"walcl@2026-03-18,tga@2026-03-18"
2026-03-23,6655939,875833,857,5779249,"walcl@2026-03-18,tga@2026-03-18"
2026-03-24,6655939,875833,1123,5778983,"walcl@2026-03-18,tga@2026-03-18"
2026-03-25,6657161,837412,777,5818972,"walcl@2026-03-25,tga@2026-03-25"
2026-03-26,6657161,837412,885,5818864,"walcl@2026-03-25,tga@2026-03-25"
2026-03-27,6657161,837412,992,5818757,"walcl@2026-03-25,tga@2026-03-25"
2026-03-30,6657161,837412,752,5818997,"walcl@2026-03-25,tga@2026-03-25"
2026-03-31,6657161,837412,15782,5803967,"walcl@2026-03-25,tga@2026-03-25"
2026-04-01,6675344,803553,2107,5869684,"walcl@2026-04-01,tga@2026-04-01"
2026-04-02,6675344,803553,327,5871464,"walcl@2026-04-01,tga@2026-04-01"
2026-04-06,6675344,803553,227,5871564,"walcl@2026-04-01,tga@2026-04-01"
2026-04-07,6675344,803553,15345,5856446,"walcl@2026-04-01,tga@2026-04-01"
2026-04-08,6693871,697079,177,5996615,"walcl@2026-04-08,tga@2026-04-08"
2026-04-09,6693871,697079,402,5996390,"walcl@2026-04-08,tga@2026-04-08"
2026-04-10,6693871,697079,507,5996285,"walcl@2026-04-08,tga@2026-04-08"
2026-04-13,6693871,697079,227,5996565,"walcl@2026-04-08,tga@2026-04-08"
2026-04-14,6693871,697079,306,5996486,"walcl@2026-04-08,tga@2026-04-08"
2026-04-15,6705696,924435,223,5781038,"walcl@2026-04-15,tga@2026-04-15"
2026-04-16,6705696,924435,158,5781103,"walcl@2026-04-15,tga@2026-04-15"
2026-04-17,6705696,924435,137,5781124,"walcl@2026-04-15,tga@2026-04-15"
2026-04-20,6705696,924435,503,5780758,"walcl@2026-04-15,tga@2026-04-15"
2026-04-21,6705696,924435,807,5780454,"walcl@2026-04-15,tga@2026-04-15"
2026-04-22,6707419,1007172,538,5699709,"walcl@2026-04-22,tga@2026-04-22"
2026-04-23,6707419,1007172,114,5700133,"walcl@2026-04-22,tga@2026-04-22"
2026-04-24,6707419,1007172,82,5700165,"walcl@2026-04-22,tga@2026-04-22"
2026-04-27,6707419,1007172,363,5699884,"walcl@2026-04-22,tga@2026-04-22"
2026-04-28,6707419,1007172,643,5699604,"walcl@2026-04-22,tga@2026-04-22"
2026-04-29,6699950,988102,747,5711101,"walcl@2026-04-29,tga@2026-04-29"
2026-04-30,6699950,988102,8261,5703587,"walcl@2026-04-29,tga@2026-04-29"
2026-05-01,6699950,988102,607,5711241,"walcl@2026-04-29,tga@2026-04-29"
2026-05-04,6699950,988102,618,5711230,"walcl@2026-04-29,tga@2026-04-29"
2026-05-05,6699950,988102,1122,5710726,"walcl@2026-04-29,tga@2026-04-29"
2026-05-06,6709505,862757,1633,5845115,"walcl@2026-05-06,tga@2026-05-06"
2026-05-07,6709505,862757,773,5845975,"walcl@2026-05-06,tga@2026-05-06"
2026-05-08,6709505,862757,787,5845961,"walcl@2026-05-06,tga@2026-05-06"
2026-05-11,6709505,862757,1133,5845615,"walcl@2026-05-06,tga@2026-05-06"
2026-05-12,6709505,862757,1199,5845549,"walcl@2026-05-06,tga@2026-05-06"
2026-05-13,6728502,807420,3719,5917363,"walcl@2026-05-13,tga@2026-05-13"
2026-05-14,6728502,807420,2034,5919048,"walcl@2026-05-13,tga@2026-05-13"
2026-05-15,6728502,807420,647,5920435,"walcl@2026-05-13,tga@2026-05-13"
2026-05-18,6728502,807420,7193,5913889,"walcl@2026-05-13,tga@2026-05-13"
2026-05-19,6728502,807420,12911,5908171,"walcl@2026-05-13,tga@2026-05-13"
2026-05-20,6713643,781979,24867,5906797,"walcl@2026-05-20,tga@2026-05-20"
2026-05-21,6713643,781979,3281,5928383,"walcl@2026-05-20,tga@2026-05-20"
2026-05-22,6713643,781979,965,5930699,"walcl@2026-05-20,tga@2026-05-20"
2026-05-26,6713643,781979,1787,5929877,"walcl@2026-05-20,tga@2026-05-20"
2026-05-27,6704383,842660,1853,5859870,"walcl@2026-05-27,tga@2026-05-27"
2026-05-28,6704383,842660,1163,5860560,"walcl@2026-05-27,tga@2026-05-27"
2026-05-29,6704383,842660,11677,5850046,"walcl@2026-05-27,tga@2026-05-27"
2026-06-01,6704383,842660,1302,5860421,"walcl@2026-05-27,tga@2026-05-27"
2026-06-02,6704383,842660,2502,5859221,"walcl@2026-05-27,tga@2026-05-27"
2026-06-03,6711495,845722,2062,5863711,"walcl@2026-06-03,tga@2026-06-03"
2026-06-04,6711495,845722,1122,5864651,"walcl@2026-06-03,tga@2026-06-03"
2026-06-05,6711495,845722,761,5865012,"walcl@2026-06-03,tga@2026-06-03"
2026-06-08,6711495,845722,1832,5863941,"walcl@2026-06-03,tga@2026-06-03"
2026-06-09,6711495,845722,577,5865196,"walcl@2026-06-03,tga@2026-06-03"
2026-06-10,6725397,801084,387,5923926,"walcl@2026-06-10,tga@2026-06-10"
2026-06-11,6725397,801084,460,5923853,"walcl@2026-06-10,tga@2026-06-10"
2026-06-12,6725397,801084,454,5923859,"walcl@2026-06-10,tga@2026-06-10"
2026-06-15,6725397,801084,581,5923732,"walcl@2026-06-10,tga@2026-06-10"
2026-06-16,6725397,801084,10721,5913592,"walcl@2026-06-10,tga@2026-06-10"
2026-06-17,6736424,956502,6828,5773094,"walcl@2026-06-17,tga@2026-06-17"
2026-06-18,6736424,956502,251,5779671,"walcl@2026-06-17,tga@2026-06-17"
2026-06-22,6736424,956502,3925,5775997,"walcl@2026-06-17,tga@2026-06-17"
2026-06-23,6736424,956502,6484,5773438,"walcl@2026-06-17,tga@2026-06-17"
2026-06-24,6735645,901845,4534,5829266,"walcl@2026-06-24,tga@2026-06-24"
2026-06-25,6735645,901845,5718,5828082,"walcl@2026-06-24,tga@2026-06-24"
2026-06-26,6735645,901845,6426,5827374,"walcl@2026-06-24,tga@2026-06-24"
2026-06-29,6735645,901845,3546,5830254,"walcl@2026-06-24,tga@2026-06-24"
2026-06-30,6735645,901845,26900,5806900,"walcl@2026-06-24,tga@2026-06-24"
2026-07-01,6724564,807359,1001,5916204,"walcl@2026-07-01,tga@2026-07-01"
2026-07-02,6724564,807359,2175,5915030,"walcl@2026-07-01,tga@2026-07-01"
2026-07-06,6724564,807359,2719,5914486,"walcl@2026-07-01,tga@2026-07-01"
2026-07-07,6724564,807359,4484,5912721,"walcl@2026-07-01,tga@2026-07-01"
2026-07-08,6735609,749244,3347,5983018,"walcl@2026-07-08,tga@2026-07-08"
2026-07-09,6735609,749244,5772,5980593,"walcl@2026-07-08,tga@2026-07-08"
2026-07-10,6735609,749244,545,5985820,"walcl@2026-07-08,tga@2026-07-08"
2026-07-13,6735609,749244,795,5985570,"walcl@2026-07-08,tga@2026-07-08"
2026-07-14,6735609,749244,278,5986087,"walcl@2026-07-08,tga@2026-07-08"
2026-07-15,6743028,795976,151,5946901,"walcl@2026-07-15,tga@2026-07-15"
2026-07-16,6743028,795976,125,5946927,"walcl@2026-07-15,tga@2026-07-15"
2026-07-17,6743028,795976,100,5946952,"walcl@2026-07-15,tga@2026-07-15"
2026-07-20,6743028,795976,30,5947022,"walcl@2026-07-15,tga@2026-07-15"
2026-07-21,6743028,795976,275,5946777,"walcl@2026-07-15,tga@2026-07-15"
2026-07-22,6747378,835417,376,5911585,"walcl@2026-07-22,tga@2026-07-22"
2026-07-23,6747378,835417,904,5911057,"walcl@2026-07-22,tga@2026-07-22"
2026-07-24,6747378,835417,675,5911286,"walcl@2026-07-22,tga@2026-07-22"
2026-07-27,6747378,835417,1380,5910581,"walcl@2026-07-22,tga@2026-07-22"
2026-07-28,6747378,835417,1126,5910835,"walcl@2026-07-22,tga@2026-07-22"
2026-07-29,6738190,970442,2576,5765172,"walcl@2026-07-29,tga@2026-07-29"
2026-07-30,6738190,970442,1076,5766672,"walcl@2026-07-29,tga@2026-07-29"
2026-07-31,6738190,970442,2151,5765597,"walcl@2026-07-29,tga@2026-07-29"
2026-08-03,6738190,970442,2127,5765621,"walcl@2026-07-29,tga@2026-07-29"
2026-08-04,6738190,970442,2251,5765497,"walcl@2026-07-29,tga@2026-07-29"
2026-08-05,6748567,929325,1650,5817592,"walcl@2026-08-05,tga@2026-08-05"
2026-08-06,6748567,929325,1429,5817813,"walcl@2026-08-05,tga@2026-08-05"
2026-08-07,6748567,929325,1450,5817792,"walcl@2026-08-05,tga@2026-08-05"
2026-08-10,6748567,929325,975,5818267,"walcl@2026-08-05,tga@2026-08-05"
2026-08-11,6748567,929325,1250,5817992,"walcl@2026-08-05,tga@2026-08-05"
2026-08-12,6759955,959405,725,5799825,"walcl@2026-08-12,tga@2026-08-12"
2026-08-13,6759955,959405,450,5800100,"walcl@2026-08-12,tga@2026-08-12"
2026-08-14,6759955,959405,250,5800300,"walcl@2026-08-12,tga@2026-08-12"
2026-08-17,6759955,959405,255,5800295,"walcl@2026-08-12,tga@2026-08-12"
2026-08-18,6759955,959405,155,5800395,"walcl@2026-08-12,tga@2026-08-12"
2026-08-19,6745699,936406,317,5808976,"walcl@2026-08-19,tga@2026-08-19"
2026-08-20,6745699,936406,225,5809068,"walcl@2026-08-19,tga@2026-08-19"
2026-08-21,6745699,936406,200,5809093,"walcl@2026-08-19,tga@2026-08-19"
2026-08-24,6745699,936406,380,5808913,"walcl@2026-08-19,tga@2026-08-19"
2026-08-25,6745699,936406,405,5808888,"walcl@2026-08-19,tga@2026-08-19"
2026-08-26,6730912,959435,702,5770775,"walcl@2026-08-26,tga@2026-08-26"
2026-08-27,6730912,959435,456,5771021,"walcl@2026-08-26,tga@2026-08-26"
2026-08-28,6730912,959435,175,5771302,"walcl@2026-08-26,tga@2026-08-26"
2026-08-31,6730912,959435,6726,5764751,"walcl@2026-08-26,tga@2026-08-26"
2026-09-01,6730912,959435,725,5770752,"walcl@2026-08-26,tga@2026-08-26"
2026-09-02,6737204,944364,525,5792315,"walcl@2026-09-02,tga@2026-09-02"
2026-09-03,6737204,944364,702,5792138,"walcl@2026-09-02,tga@2026-09-02"
2026-09-04,6737204,944364,675,5792165,"walcl@2026-09-02,tga@2026-09-02"
2026-09-08,6737204,944364,626,5792214,"walcl@2026-09-02,tga@2026-09-02"
2026-09-09,6740619,843705,432,5896482,"walcl@2026-09-09,tga@2026-09-09"
2026-09-10,6740619,843705,4736,5892178,"walcl@2026-09-09,tga@2026-09-09"
2026-09-11,6740619,843705,5255,5891659,"walcl@2026-09-09,tga@2026-09-09"
2026-09-14,6740619,843705,1420,5895494,"walcl@2026-09-09,tga@2026-09-09"
2026-09-15,6740619,843705,700,5896214,"walcl@2026-09-09,tga@2026-09-09"
2026-09-16,6746548,991708,5375,5749465,"walcl@2026-09-16,tga@2026-09-16"
2026-09-17,6746548,991708,276,5754564,"walcl@2026-09-16,tga@2026-09-16"
2026-09-18,6746548,991708,576,5754264,"walcl@2026-09-16,tga@2026-09-16"
2026-09-21,6746548,991708,582,5754258,"walcl@2026-09-16,tga@2026-09-16"
2026-09-22,6746548,991708,453,5754387,"walcl@2026-09-16,tga@2026-09-16"
2026-09-23,6747704,947317,461,5799926,"walcl@2026-09-23,tga@2026-09-23"
2026-09-24,6747704,947317,630,5799757,"walcl@2026-09-23,tga@2026-09-23"
2026-09-25,6747704,947317,576,5799811,"walcl@2026-09-23,tga@2026-09-23"
2026-09-28,6747704,947317,851,5799536,"walcl@2026-09-23,tga@2026-09-23"
2026-09-29,6747704,947317,11446,5788941,"walcl@2026-09-23,tga@2026-09-23"
2026-09-30,6743031,984046,11539,5747446,"walcl@2026-09-30,tga@2026-09-30"
2026-10-01,6743031,984046,350,5758635,"walcl@2026-09-30,tga@2026-09-30"
2026-10-02,6743031,984046,1501,5757484,"walcl@2026-09-30,tga@2026-09-30"
2026-10-05,6743031,984046,1004,5757981,"walcl@2026-09-30,tga@2026-09-30"
2026-10-06,6743031,984046,414,5758571,"walcl@2026-09-30,tga@2026-09-30"
2026-10-07,6747560,885783,2338,5859439,"walcl@2026-10-07,tga@2026-10-07"
2026-10-08,6747560,885783,335,5861442,"walcl@2026-10-07,tga@2026-10-07"
2026-10-09,6747560,885783,300,5861477,"walcl@2026-10-07,tga@2026-10-07"
