date,token,total_supply
2026-09-26,USDC,50279801342.26
2026-09-26,USDT,88304342264.55
2026-09-27,USDC,50160805211.66
2026-09-27,USDT,88304342264.55
2026-09-28,USDC,50159164147.85
2026-09-28,USDT,88304342264.55
2026-09-29,USDC,49871424845.59
2026-09-29,USDT,88304299381.63
2026-09-30,USDC,49564286668.01
2026-09-30,USDT,88304299381.63
2026-10-01,USDC,49311776259.76
2026-10-01,USDT,88303053982.36
2026-10-02,USDC,49120106278.51
2026-10-02,USDT,88303053982.36
2026-10-03,USDC,48964436093.23
2026-10-03,USDT,88303053982.36
2026-10-04,USDC,48970719879.98
2026-10-04,USDT,88303053982.36
2026-10-05,USDC,48932884087.82
2026-10-05,USDT,88303053982.36
2026-10-06,USDC,48948701682.76
2026-10-06,USDT,88303053982.36
