date,line,sym,g,state,z,saved_at,y,dd,v,reg
2026-10-08,cr.au,BTC,0,ok,-1.06,2026-10-09T05:27:33Z,,2026-10-07,1,2026-10-08
2026-10-09,cr.au,BTC,0,ok,0.51,2026-10-10T05:26:59Z,,2026-10-08,1,2026-10-08
2026-10-12,cm.f,CMDY,0,ok,-0.28,2026-10-11T01:11:58Z,,2026-10-09,1,2026-10-08
2026-10-12,cm.f,COMT,0,ok,-0.17,2026-10-11T01:11:58Z,,2026-10-09,1,2026-10-08
2026-10-12,cm.f,GSG,-1,ok,-1.14,2026-10-11T01:11:58Z,,2026-10-09,1,2026-10-08
2026-10-12,cm.p,CMDY,0,ok,-0.05,2026-10-11T01:11:58Z,,2026-10-09,1,2026-10-08
2026-10-12,cm.p,COMT,0,ok,-0.07,2026-10-11T01:11:58Z,,2026-10-09,1,2026-10-08
2026-10-12,cm.p,CPER,1,ok,1.5,2026-10-11T01:11:58Z,,2026-10-09,1,2026-10-08
2026-10-12,cm.p,DBA,0,ok,-0.04,2026-10-11T01:11:58Z,,2026-10-09,1,2026-10-08
2026-10-12,cm.p,DBC,0,ok,0.11,2026-10-11T01:11:58Z,,2026-10-09,1,2026-10-08
2026-10-12,cm.p,GSG,0,ok,-0.11,2026-10-11T01:11:58Z,,2026-10-09,1,2026-10-08
2026-10-12,cm.p,USO,0,ok,0.13,2026-10-11T01:11:58Z,,2026-10-09,1,2026-10-08
