date,sym,n,state,votes,saved_at,y,v,since
2026-10-05,AGG,1,obs,p0f+,2026-10-05T13:04:50Z,-0.0212,2,2026-10-05
2026-10-05,ASEA,0,quiet,p0,2026-10-05T13:04:50Z,0.5002,2,2026-10-05
2026-10-05,EEM,0,quiet,p0f0,2026-10-05T13:04:50Z,0.4091,2,2026-10-05
2026-10-05,EFA,1,obs,p+f0,2026-10-05T13:04:50Z,0.4975,2,2026-10-05
2026-10-05,EIS,0,quiet,p0,2026-10-05T13:04:50Z,0.4453,2,2026-10-05
2026-10-05,EMB,0,quiet,p0f0,2026-10-05T13:04:50Z,0.2108,2,2026-10-05
2026-10-05,EWA,1,obs,p+,2026-10-05T13:04:50Z,0.566,2,2026-10-05
2026-10-05,EWC,1,obs,p+,2026-10-05T13:04:50Z,0.017,2,2026-10-05
2026-10-05,EWJ,0,x,p+f-,2026-10-05T13:04:50Z,0.3841,2,2026-10-05
2026-10-05,EWT,2,obs,p+f0o+,2026-10-05T13:04:50Z,0.0339,2,2026-10-05
2026-10-05,EWY,0,quiet,p0f0,2026-10-05T13:04:50Z,0.0575,2,2026-10-05
2026-10-05,EWZ,2,obs,p+f+,2026-10-05T13:04:50Z,0.4675,2,2026-10-05
2026-10-05,EZA,0,quiet,p0,2026-10-05T13:04:50Z,0.3973,2,2026-10-05
2026-10-05,EZU,1,obs,p+f0,2026-10-05T13:04:50Z,0.3757,2,2026-10-05
2026-10-05,FXI,-1,obs,p-f0o.,2026-10-05T13:04:50Z,1.0146,2,2026-10-05
2026-10-05,GLD,0,quiet,p0f0,2026-10-05T13:04:50Z,-0.3021,2,2026-10-05
2026-10-05,GLDM,0,quiet,p0f0,2026-10-05T13:04:50Z,-0.2922,2,2026-10-05
2026-10-05,HYG,1,obs,p0f+,2026-10-05T13:04:50Z,0.1171,2,2026-10-05
2026-10-05,IAU,0,quiet,p0f0,2026-10-05T13:04:50Z,-0.2947,2,2026-10-05
2026-10-05,IEF,0,quiet,p0f0,2026-10-05T13:04:50Z,-0.045,2,2026-10-05
2026-10-05,IEFA,1,obs,p+f0,2026-10-05T13:04:50Z,0.4863,2,2026-10-05
2026-10-05,IEMG,0,quiet,p0f0,2026-10-05T13:04:50Z,0.3602,2,2026-10-05
2026-10-05,ILF,1,obs,p+,2026-10-05T13:04:50Z,0.8524,2,2026-10-05
2026-10-05,INDA,0,quiet,p0f0o.,2026-10-05T13:04:50Z,0.4097,2,2026-10-05
2026-10-05,IVV,1,obs,p+f0,2026-10-05T13:04:50Z,0.6727,2,2026-10-05
2026-10-05,JNK,0,quiet,p0f0,2026-10-05T13:04:50Z,0.1624,2,2026-10-05
2026-10-05,KSA,0,quiet,p0,2026-10-05T13:04:50Z,0.6061,2,2026-10-05
2026-10-05,LQD,-1,obs,p0f-,2026-10-05T13:04:50Z,0.1574,2,2026-10-05
2026-10-05,MCHI,-1,obs,p-f0,2026-10-05T13:04:50Z,1.0437,2,2026-10-05
2026-10-05,SLV,0,quiet,p0f0,2026-10-05T13:04:50Z,-0.8364,2,2026-10-05
2026-10-05,SPDW,1,obs,p+f0,2026-10-05T13:04:50Z,0.4171,2,2026-10-05
2026-10-05,SPEM,0,quiet,p0f0,2026-10-05T13:04:50Z,0.4756,2,2026-10-05
2026-10-05,SPY,0,x,p+f-,2026-10-05T13:04:50Z,0.6678,2,2026-10-05
2026-10-05,TLT,0,quiet,p0f0,2026-10-05T13:04:50Z,-0.0648,2,2026-10-05
2026-10-05,TUR,0,quiet,p0,2026-10-05T13:04:50Z,-0.115,2,2026-10-05
2026-10-05,VGK,1,obs,p+,2026-10-05T13:04:50Z,0.3606,2,2026-10-05
2026-10-05,XLE,1,obs,p0f+,2026-10-05T13:04:50Z,1.1236,2,2026-10-05
2026-10-05,XLF,0,quiet,p0f0,2026-10-05T13:04:50Z,0.7103,2,2026-10-05
2026-10-05,XLI,1,obs,p0f+,2026-10-05T13:04:50Z,0.2712,2,2026-10-05
2026-10-05,XLK,0,quiet,p0f0,2026-10-05T13:04:50Z,0.3296,2,2026-10-05
2026-10-05,XLP,0,quiet,p0f0,2026-10-05T13:04:50Z,0.6583,2,2026-10-05
2026-10-05,XLU,1,obs,p0f+,2026-10-05T13:04:50Z,0.2634,2,2026-10-05
2026-10-05,XLV,0,quiet,p0f0,2026-10-05T13:04:50Z,0.8253,2,2026-10-05
2026-10-05,XLY,0,quiet,p0f0,2026-10-05T13:04:50Z,0.5921,2,2026-10-05
2026-10-06,AGG,1,obs,p0f+,2026-10-06T13:01:39Z,0.1167,2,2026-10-05
2026-10-06,ASEA,0,quiet,p0,2026-10-06T13:01:39Z,-0.4441,2,2026-10-05
2026-10-06,EEM,1,obs,p+f0,2026-10-06T13:01:39Z,-0.6982,2,2026-10-05
2026-10-06,EFA,1,obs,p0f+,2026-10-06T13:01:39Z,-0.2584,2,2026-10-05
2026-10-06,EIS,0,quiet,p0,2026-10-06T13:01:39Z,-0.7594,2,2026-10-05
2026-10-06,EMB,0,quiet,p0f0,2026-10-06T13:01:39Z,0.033,2,2026-10-05
2026-10-06,EWA,0,quiet,p0,2026-10-06T13:01:39Z,-0.105,2,2026-10-05
2026-10-06,EWC,0,quiet,p0,2026-10-06T13:01:39Z,0.1862,2,2026-10-05
2026-10-06,EWJ,0,quiet,p0f0,2026-10-06T13:01:39Z,-0.471,2,2026-10-05
2026-10-06,EWT,0,quiet,p0f0o0,2026-10-06T13:01:39Z,-0.5749,2,2026-10-05
2026-10-06,EWY,0,quiet,p0f0,2026-10-06T13:01:39Z,-2.003,2,2026-10-05
2026-10-06,EWZ,1,obs,p+f.,2026-10-06T13:01:39Z,-1.2516,2,2026-10-05
2026-10-06,EZA,0,quiet,p0,2026-10-06T13:01:39Z,0.3468,2,2026-10-05
2026-10-06,EZU,0,quiet,p0f0,2026-10-06T13:01:39Z,0.0448,2,2026-10-05
2026-10-06,FXI,1,obs,p+f0o.,2026-10-06T13:01:39Z,-0.0444,2,2026-10-05
2026-10-06,GLD,0,quiet,p0f0,2026-10-06T13:01:39Z,0.211,2,2026-10-05
2026-10-06,GLDM,1,obs,p0f+,2026-10-06T13:01:39Z,0.1701,2,2026-10-05
2026-10-06,HYG,0,quiet,p0f0,2026-10-06T13:01:39Z,0.1555,2,2026-10-05
2026-10-06,IAU,0,quiet,p0f0,2026-10-06T13:01:39Z,0.2302,2,2026-10-05
2026-10-06,IEF,0,quiet,p0f0,2026-10-06T13:01:39Z,0.0617,2,2026-10-05
2026-10-06,IEFA,0,quiet,p0f0,2026-10-06T13:01:39Z,-0.2257,2,2026-10-05
2026-10-06,IEMG,1,obs,p+f0,2026-10-06T13:01:39Z,-0.6817,2,2026-10-05
2026-10-06,ILF,1,obs,p+,2026-10-06T13:01:39Z,-0.4448,2,2026-10-05
2026-10-06,INDA,-1,obs,p0f0o-,2026-10-06T13:01:39Z,-0.2987,2,2026-10-05
2026-10-06,IVV,0,quiet,p0f0,2026-10-06T13:01:39Z,0.1228,2,2026-10-05
2026-10-06,JNK,-1,obs,p0f-,2026-10-06T13:01:39Z,0.0754,2,2026-10-05
2026-10-06,KSA,1,obs,p+,2026-10-06T13:01:39Z,0.1901,2,2026-10-05
2026-10-06,LQD,0,quiet,p0f0,2026-10-06T13:01:39Z,0.1176,2,2026-10-05
2026-10-06,MCHI,1,obs,p+f0,2026-10-06T13:01:39Z,0.0383,2,2026-10-05
2026-10-06,SLV,0,quiet,p0f0,2026-10-06T13:01:39Z,0.2676,2,2026-10-05
2026-10-06,SPDW,0,quiet,p0f0,2026-10-06T13:01:39Z,-0.3155,2,2026-10-05
2026-10-06,SPEM,1,obs,p+f0,2026-10-06T13:01:39Z,-0.3018,2,2026-10-05
2026-10-06,SPY,0,quiet,p0f0,2026-10-06T13:01:39Z,0.1208,2,2026-10-05
2026-10-06,TLT,0,quiet,p0f0,2026-10-06T13:01:39Z,0.1425,2,2026-10-05
2026-10-06,TUR,0,quiet,p0,2026-10-06T13:01:39Z,0.029,2,2026-10-05
2026-10-06,VGK,0,quiet,p0,2026-10-06T13:01:39Z,-0.1845,2,2026-10-05
2026-10-06,XLE,0,quiet,p0f0,2026-10-06T13:01:39Z,1.1584,2,2026-10-05
2026-10-06,XLF,0,quiet,p0f0,2026-10-06T13:01:39Z,0.0741,2,2026-10-05
2026-10-06,XLI,1,obs,p0f+,2026-10-06T13:01:39Z,0.5155,2,2026-10-05
2026-10-06,XLK,0,quiet,p0f0,2026-10-06T13:01:39Z,-0.2371,2,2026-10-05
2026-10-06,XLP,0,quiet,p0f0,2026-10-06T13:01:39Z,0.9005,2,2026-10-05
2026-10-06,XLU,0,quiet,p0f0,2026-10-06T13:01:39Z,1.856,2,2026-10-05
2026-10-06,XLV,0,quiet,p0f0,2026-10-06T13:01:39Z,-0.5417,2,2026-10-05
2026-10-06,XLY,0,quiet,p0f0,2026-10-06T13:01:39Z,0.7894,2,2026-10-05
2026-10-07,AGG,0,quiet,p0f0,2026-10-07T13:11:18Z,0.4473,2,2026-10-05
2026-10-07,ASEA,0,quiet,p0,2026-10-07T13:11:18Z,-0.0962,2,2026-10-05
2026-10-07,EEM,0,quiet,p0f0,2026-10-07T13:11:18Z,0.2754,2,2026-10-05
2026-10-07,EFA,0,quiet,p0f0,2026-10-07T13:11:18Z,0.3113,2,2026-10-05
2026-10-07,EIS,0,quiet,p0,2026-10-07T13:11:18Z,0.0509,2,2026-10-05
2026-10-07,EMB,0,quiet,p0f0,2026-10-07T13:11:18Z,0.4426,2,2026-10-05
2026-10-07,EWA,0,quiet,p0,2026-10-07T13:11:18Z,0,2,2026-10-05
2026-10-07,EWC,0,quiet,p0,2026-10-07T13:11:18Z,-1.0925,2,2026-10-05
2026-10-07,EWJ,0,quiet,p0f0,2026-10-07T13:11:18Z,0.3573,2,2026-10-05
2026-10-07,EWT,0,quiet,p0f0o0,2026-10-07T13:11:18Z,0.5189,2,2026-10-05
2026-10-07,EWY,0,quiet,p0f0,2026-10-07T13:11:18Z,0.7376,2,2026-10-05
2026-10-07,EWZ,0,quiet,p0f.,2026-10-07T13:11:18Z,-1.2584,2,2026-10-05
2026-10-07,EZA,0,quiet,p0,2026-10-07T13:11:18Z,1.1037,2,2026-10-05
2026-10-07,EZU,0,quiet,p0f0,2026-10-07T13:11:18Z,1.0271,2,2026-10-05
2026-10-07,FXI,0,quiet,p0f0o.,2026-10-07T13:11:18Z,-0.1046,2,2026-10-05
2026-10-07,GLD,0,quiet,p0f0,2026-10-07T13:11:18Z,0.2427,2,2026-10-05
2026-10-07,GLDM,0,quiet,p0f0,2026-10-07T13:11:18Z,0.21,2,2026-10-05
2026-10-07,HYG,0,quiet,p0f0,2026-10-07T13:11:18Z,0.2338,2,2026-10-05
2026-10-07,IAU,0,quiet,p0f0,2026-10-07T13:11:18Z,0.2081,2,2026-10-05
2026-10-07,IEF,0,quiet,p0f0,2026-10-07T13:11:18Z,0.4906,2,2026-10-05
2026-10-07,IEFA,0,quiet,p0f0,2026-10-07T13:11:18Z,0.2815,2,2026-10-05
2026-10-07,IEMG,0,quiet,p0f0,2026-10-07T13:11:18Z,0.1954,2,2026-10-05
2026-10-07,ILF,0,quiet,p0,2026-10-07T13:11:18Z,-1.0841,2,2026-10-05
2026-10-07,INDA,-1,obs,p0f0o-,2026-10-07T13:11:18Z,0.3045,2,2026-10-05
2026-10-07,IVV,0,quiet,p0f0,2026-10-07T13:11:18Z,0.1887,2,2026-10-05
2026-10-07,JNK,0,quiet,p0f0,2026-10-07T13:11:18Z,0.1512,2,2026-10-05
2026-10-07,KSA,1,obs,p+,2026-10-07T13:11:18Z,0.109,2,2026-10-05
2026-10-07,LQD,1,obs,p0f+,2026-10-07T13:11:18Z,0.7102,2,2026-10-05
2026-10-07,MCHI,0,quiet,p0f0,2026-10-07T13:11:18Z,-0.0387,2,2026-10-05
2026-10-07,SLV,0,quiet,p0f0,2026-10-07T13:11:18Z,-0.1484,2,2026-10-05
2026-10-07,SPDW,0,quiet,p0f0,2026-10-07T13:11:18Z,0.1604,2,2026-10-05
2026-10-07,SPEM,0,quiet,p0f0,2026-10-07T13:11:18Z,0.1727,2,2026-10-05
2026-10-07,SPY,0,quiet,p0f0,2026-10-07T13:11:18Z,0.1869,2,2026-10-05
2026-10-07,TLT,0,quiet,p0f0,2026-10-07T13:11:18Z,0.8959,2,2026-10-05
2026-10-07,TUR,0,quiet,p0,2026-10-07T13:11:18Z,0.3558,2,2026-10-05
2026-10-07,VGK,0,quiet,p0,2026-10-07T13:11:18Z,0.3283,2,2026-10-05
2026-10-07,XLE,0,quiet,p0f0,2026-10-07T13:11:18Z,-1.0618,2,2026-10-05
2026-10-07,XLF,1,obs,p0f+,2026-10-07T13:11:18Z,0.411,2,2026-10-05
2026-10-07,XLI,1,obs,p0f+,2026-10-07T13:11:18Z,-1.0961,2,2026-10-05
2026-10-07,XLK,1,obs,p0f+,2026-10-07T13:11:18Z,0.5542,2,2026-10-05
2026-10-07,XLP,0,quiet,p0f0,2026-10-07T13:11:18Z,-0.463,2,2026-10-05
2026-10-07,XLU,0,x,p+f-,2026-10-07T13:11:18Z,0.3903,2,2026-10-05
2026-10-07,XLV,0,quiet,p0f0,2026-10-07T13:11:18Z,0.5606,2,2026-10-05
2026-10-07,XLY,0,quiet,p0f0,2026-10-07T13:11:18Z,0.2972,2,2026-10-05
