date,exchange,asset,balance,balance_usd,inflow_24h,outflow_24h,net_24h,block
2026-09-26,Binance,ETH,2703834.926993,7273248087.35,,,,26061845
2026-09-26,Binance,USDC,57096.09,57096.09,,,,26061845
2026-09-26,Binance,USDT,20817976845.63,20817976845.63,,,,26061845
2026-09-26,Bitfinex,ETH,273094.598898,734617616.36,,,,26061845
2026-09-26,Bitfinex,USDC,21697393.34,21697393.34,,,,26061845
2026-09-26,Bitfinex,USDT,160724680.3,160724680.3,,,,26061845
2026-09-26,Bybit,ETH,306432.546172,824295857.75,,,,26061845
2026-09-26,Bybit,USDC,301723305.65,301723305.65,,,,26061845
2026-09-26,Bybit,USDT,1213732979.9,1213732979.9,,,,26061845
2026-09-26,KuCoin,ETH,67833.516179,182470455.9,,,,26061845
2026-09-26,KuCoin,USDC,47391940.75,47391940.75,,,,26061845
2026-09-26,KuCoin,USDT,511078507.87,511078507.87,,,,26061845
2026-09-26,OKX,USDC,1372488224.99,1372488224.99,,,,26061845
2026-09-27,Binance,ETH,2702039.029771,7259322916.14,,,,26070271
2026-09-27,Binance,USDC,57096.09,57096.09,,,,26070271
2026-09-27,Binance,USDT,20795548981.88,20795548981.88,,,,26070271
2026-09-27,Bitfinex,ETH,306257.090365,822793116.54,,,,26070271
2026-09-27,Bitfinex,USDC,21473046.85,21473046.85,,,,26070271
2026-09-27,Bitfinex,USDT,118378040.97,118378040.97,,,,26070271
2026-09-27,Bybit,ETH,309385.897422,831198998.36,,,,26070271
2026-09-27,Bybit,USDC,302836700.55,302836700.55,,,,26070271
2026-09-27,Bybit,USDT,1198098352.9,1198098352.9,,,,26070271
2026-09-27,KuCoin,ETH,67833.450073,182241971.03,,,,26070271
2026-09-27,KuCoin,USDC,43577417.33,43577417.33,,,,26070271
2026-09-27,KuCoin,USDT,514782864.12,514782864.12,,,,26070271
2026-09-27,OKX,USDC,1336810275.52,1336810275.52,,,,26070271
2026-09-28,Binance,ETH,2697497.082116,7207980960.61,,,,26072585
2026-09-28,Binance,USDC,57096.09,57096.09,0,0,0,26072585
2026-09-28,Binance,USDT,20803337726.57,20803337726.57,79451053.41,99481319.6,-20030266.19,26072585
2026-09-28,Bitfinex,ETH,308814.390811,825182820.06,,,,26072585
2026-09-28,Bitfinex,USDC,21183030.77,21183030.77,1024164,0,1024164,26072585
2026-09-28,Bitfinex,USDT,124180133.86,124180133.86,25629125.1,81480713.17,-55851588.07,26072585
2026-09-28,Bybit,ETH,305838.478123,817230884.86,,,,26072585
2026-09-28,Bybit,USDC,302473295.64,302473295.64,0,0,0,26072585
2026-09-28,Bybit,USDT,1200399420.95,1200399420.95,8550009.7,16200251.07,-7650241.37,26072585
2026-09-28,KuCoin,ETH,67833.426528,181257674.07,,,,26072585
2026-09-28,KuCoin,USDC,48295843.89,48295843.89,4900000,4000000,900000,26072585
2026-09-28,KuCoin,USDT,516706278.9,516706278.9,1407730,0,1407730,26072585
2026-09-28,OKX,USDC,1337569626.45,1337569626.45,8418335.83,6629660.83,1788675,26072585
