date,ticker,site_flow_musd,read_at
2026-10-01,ETHA,0,2026-10-04T13:12:10+00:00
2026-10-01,IBIT,195.5748,2026-10-04T13:12:10+00:00
2026-10-02,ETHA,-20.101347,2026-10-06T03:35:28+00:00
2026-10-02,IBIT,158.15484,2026-10-06T03:35:28+00:00
2026-10-05,ETHA,-31.877167,2026-10-07T03:19:52+00:00
2026-10-05,IBIT,69.85296,2026-10-07T03:19:52+00:00
2026-10-06,ETHA,-201.892919,2026-10-08T03:56:18+00:00
2026-10-06,IBIT,121.99572,2026-10-08T03:56:18+00:00
2026-10-07,ETHA,-116.051362,2026-10-08T08:25:11+00:00
2026-10-07,IBIT,-207.6668,2026-10-08T08:25:11+00:00
2026-10-08,ETHA,-71.120841,2026-10-09T06:27:14+00:00
2026-10-08,IBIT,-5.54436,2026-10-09T06:27:14+00:00
2026-10-09,ETHA,-56.100132,2026-10-10T09:17:54+00:00
2026-10-09,IBIT,22.38,2026-10-10T09:17:54+00:00
